year:1880,year:1900,year:1910,year:1920,year:1930,year:1940,year:1950,year:1960,year:1970,year:1980,year:1990,year:2000,age,marst,sex,people
1,0,0,0,0,0,0,0,0,0,0,0,0,6,1,3533662
1,0,0,0,0,0,0,0,0,0,0,0,0,6,2,3421597
1,0,0,0,0,0,0,0,0,0,0,0,5,6,1,3297503
1,0,0,0,0,0,0,0,0,0,0,0,5,6,2,3179142
1,0,0,0,0,0,0,0,0,0,0,0,10,1,2,1997
1,0,0,0,0,0,0,0,0,0,0,0,10,2,1,599
1,0,0,0,0,0,0,0,0,0,0,0,10,2,2,1596
1,0,0,0,0,0,0,0,0,0,0,0,10,5,1,200
1,0,0,0,0,0,0,0,0,0,0,0,10,5,2,199
1,0,0,0,0,0,0,0,0,0,0,0,10,6,1,2911125
1,0,0,0,0,0,0,0,0,0,0,0,10,6,2,2809758
1,0,0,0,0,0,0,0,0,0,0,0,15,1,1,20747
1,0,0,0,0,0,0,0,0,0,0,0,15,1,2,277380
1,0,0,0,0,0,0,0,0,0,0,0,15,2,1,5583
1,0,0,0,0,0,0,0,0,0,0,0,15,2,2,18657
1,0,0,0,0,0,0,0,0,0,0,0,15,4,1,200
1,0,0,0,0,0,0,0,0,0,0,0,15,4,2,1892
1,0,0,0,0,0,0,0,0,0,0,0,15,5,1,2498
1,0,0,0,0,0,0,0,0,0,0,0,15,5,2,5989
1,0,0,0,0,0,0,0,0,0,0,0,15,6,1,2428706
1,0,0,0,0,0,0,0,0,0,0,0,15,6,2,2223900
1,0,0,0,0,0,0,0,0,0,0,0,20,1,1,525726
1,0,0,0,0,0,0,0,0,0,0,0,20,1,2,1197869
1,0,0,0,0,0,0,0,0,0,0,0,20,2,1,40394
1,0,0,0,0,0,0,0,0,0,0,0,20,2,2,55146
1,0,0,0,0,0,0,0,0,0,0,0,20,4,1,1396
1,0,0,0,0,0,0,0,0,0,0,0,20,4,2,7482
1,0,0,0,0,0,0,0,0,0,0,0,20,5,1,11863
1,0,0,0,0,0,0,0,0,0,0,0,20,5,2,36706
1,0,0,0,0,0,0,0,0,0,0,0,20,6,1,1968401
1,0,0,0,0,0,0,0,0,0,0,0,20,6,2,1215600
1,0,0,0,0,0,0,0,0,0,0,0,25,1,1,1159298
1,0,0,0,0,0,0,0,0,0,0,0,25,1,2,1392687
1,0,0,0,0,0,0,0,0,0,0,0,25,2,1,60650
1,0,0,0,0,0,0,0,0,0,0,0,25,2,2,51579
1,0,0,0,0,0,0,0,0,0,0,0,25,4,1,4089
1,0,0,0,0,0,0,0,0,0,0,0,25,4,2,10567
1,0,0,0,0,0,0,0,0,0,0,0,25,5,1,25135
1,0,0,0,0,0,0,0,0,0,0,0,25,5,2,60658
1,0,0,0,0,0,0,0,0,0,0,0,25,6,1,870221
1,0,0,0,0,0,0,0,0,0,0,0,25,6,2,458750
1,0,0,0,0,0,0,0,0,0,0,0,30,1,1,1236119
1,0,0,0,0,0,0,0,0,0,0,0,30,1,2,1238326
1,0,0,0,0,0,0,0,0,0,0,0,30,2,1,55962
1,0,0,0,0,0,0,0,0,0,0,0,30,2,2,37894
1,0,0,0,0,0,0,0,0,0,0,0,30,4,1,3892
1,0,0,0,0,0,0,0,0,0,0,0,30,4,2,8084
1,0,0,0,0,0,0,0,0,0,0,0,30,5,1,37003
1,0,0,0,0,0,0,0,0,0,0,0,30,5,2,83777
1,0,0,0,0,0,0,0,0,0,0,0,30,6,1,416131
1,0,0,0,0,0,0,0,0,0,0,0,30,6,2,228691
1,0,0,0,0,0,0,0,0,0,0,0,35,1,1,1213563
1,0,0,0,0,0,0,0,0,0,0,0,35,1,2,1160080
1,0,0,0,0,0,0,0,0,0,0,0,35,2,1,48604
1,0,0,0,0,0,0,0,0,0,0,0,35,2,2,33202
1,0,0,0,0,0,0,0,0,0,0,0,35,4,1,4992
1,0,0,0,0,0,0,0,0,0,0,0,35,4,2,8378
1,0,0,0,0,0,0,0,0,0,0,0,35,5,1,44500
1,0,0,0,0,0,0,0,0,0,0,0,35,5,2,121783
1,0,0,0,0,0,0,0,0,0,0,0,35,6,1,229113
1,0,0,0,0,0,0,0,0,0,0,0,35,6,2,160274
1,0,0,0,0,0,0,0,0,0,0,0,40,1,1,997154
1,0,0,0,0,0,0,0,0,0,0,0,40,1,2,938721
1,0,0,0,0,0,0,0,0,0,0,0,40,2,1,45009
1,0,0,0,0,0,0,0,0,0,0,0,40,2,2,29506
1,0,0,0,0,0,0,0,0,0,0,0,40,4,1,2793
1,0,0,0,0,0,0,0,0,0,0,0,40,4,2,6182
1,0,0,0,0,0,0,0,0,0,0,0,40,5,1,48463
1,0,0,0,0,0,0,0,0,0,0,0,40,5,2,154399
1,0,0,0,0,0,0,0,0,0,0,0,40,6,1,143928
1,0,0,0,0,0,0,0,0,0,0,0,40,6,2,110627
1,0,0,0,0,0,0,0,0,0,0,0,45,1,1,883724
1,0,0,0,0,0,0,0,0,0,0,0,45,1,2,731892
1,0,0,0,0,0,0,0,0,0,0,0,45,2,1,34324
1,0,0,0,0,0,0,0,0,0,0,0,45,2,2,27831
1,0,0,0,0,0,0,0,0,0,0,0,45,4,1,4288
1,0,0,0,0,0,0,0,0,0,0,0,45,4,2,3690
1,0,0,0,0,0,0,0,0,0,0,0,45,5,1,50965
1,0,0,0,0,0,0,0,0,0,0,0,45,5,2,165781
1,0,0,0,0,0,0,0,0,0,0,0,45,6,1,92672
1,0,0,0,0,0,0,0,0,0,0,0,45,6,2,74517
1,0,0,0,0,0,0,0,0,0,0,0,50,1,1,792796
1,0,0,0,0,0,0,0,0,0,0,0,50,1,2,576825
1,0,0,0,0,0,0,0,0,0,0,0,50,2,1,32025
1,0,0,0,0,0,0,0,0,0,0,0,50,2,2,20741
1,0,0,0,0,0,0,0,0,0,0,0,50,4,1,3394
1,0,0,0,0,0,0,0,0,0,0,0,50,4,2,4783
1,0,0,0,0,0,0,0,0,0,0,0,50,5,1,64937
1,0,0,0,0,0,0,0,0,0,0,0,50,5,2,205310
1,0,0,0,0,0,0,0,0,0,0,0,50,6,1,71332
1,0,0,0,0,0,0,0,0,0,0,0,50,6,2,55353
1,0,0,0,0,0,0,0,0,0,0,0,55,1,1,566433
1,0,0,0,0,0,0,0,0,0,0,0,55,1,2,371421
1,0,0,0,0,0,0,0,0,0,0,0,55,2,1,18250
1,0,0,0,0,0,0,0,0,0,0,0,55,2,2,15060
1,0,0,0,0,0,0,0,0,0,0,0,55,4,1,2095
1,0,0,0,0,0,0,0,0,0,0,0,55,4,2,3090
1,0,0,0,0,0,0,0,0,0,0,0,55,5,1,52966
1,0,0,0,0,0,0,0,0,0,0,0,55,5,2,171760
1,0,0,0,0,0,0,0,0,0,0,0,55,6,1,39403
1,0,0,0,0,0,0,0,0,0,0,0,55,6,2,33512
1,0,0,0,0,0,0,0,0,0,0,0,60,1,1,462498
1,0,0,0,0,0,0,0,0,0,0,0,60,1,2,285866
1,0,0,0,0,0,0,0,0,0,0,0,60,2,1,17259
1,0,0,0,0,0,0,0,0,0,0,0,60,2,2,11170
1,0,0,0,0,0,0,0,0,0,0,0,60,4,1,2293
1,0,0,0,0,0,0,0,0,0,0,0,60,4,2,1496
1,0,0,0,0,0,0,0,0,0,0,0,60,5,1,64228
1,0,0,0,0,0,0,0,0,0,0,0,60,5,2,195104
1,0,0,0,0,0,0,0,0,0,0,0,60,6,1,34020
1,0,0,0,0,0,0,0,0,0,0,0,60,6,2,33320
1,0,0,0,0,0,0,0,0,0,0,0,65,1,1,282013
1,0,0,0,0,0,0,0,0,0,0,0,65,1,2,154905
1,0,0,0,0,0,0,0,0,0,0,0,65,2,1,9478
1,0,0,0,0,0,0,0,0,0,0,0,65,2,2,7174
1,0,0,0,0,0,0,0,0,0,0,0,65,4,1,1895
1,0,0,0,0,0,0,0,0,0,0,0,65,4,2,1896
1,0,0,0,0,0,0,0,0,0,0,0,65,5,1,55070
1,0,0,0,0,0,0,0,0,0,0,0,65,5,2,160882
1,0,0,0,0,0,0,0,0,0,0,0,65,6,1,20942
1,0,0,0,0,0,0,0,0,0,0,0,65,6,2,21446
1,0,0,0,0,0,0,0,0,0,0,0,70,1,1,182101
1,0,0,0,0,0,0,0,0,0,0,0,70,1,2,78187
1,0,0,0,0,0,0,0,0,0,0,0,70,2,1,8978
1,0,0,0,0,0,0,0,0,0,0,0,70,2,2,3891
1,0,0,0,0,0,0,0,0,0,0,0,70,4,1,800
1,0,0,0,0,0,0,0,0,0,0,0,70,4,2,797
1,0,0,0,0,0,0,0,0,0,0,0,70,5,1,50270
1,0,0,0,0,0,0,0,0,0,0,0,70,5,2,151130
1,0,0,0,0,0,0,0,0,0,0,0,70,6,1,13273
1,0,0,0,0,0,0,0,0,0,0,0,70,6,2,17855
1,0,0,0,0,0,0,0,0,0,0,0,75,1,1,87761
1,0,0,0,0,0,0,0,0,0,0,0,75,1,2,35491
1,0,0,0,0,0,0,0,0,0,0,0,75,2,1,4683
1,0,0,0,0,0,0,0,0,0,0,0,75,2,2,2295
1,0,0,0,0,0,0,0,0,0,0,0,75,4,1,200
1,0,0,0,0,0,0,0,0,0,0,0,75,4,2,299
1,0,0,0,0,0,0,0,0,0,0,0,75,5,1,41300
1,0,0,0,0,0,0,0,0,0,0,0,75,5,2,97051
1,0,0,0,0,0,0,0,0,0,0,0,75,6,1,7684
1,0,0,0,0,0,0,0,0,0,0,0,75,6,2,8377
1,0,0,0,0,0,0,0,0,0,0,0,80,1,1,34518
1,0,0,0,0,0,0,0,0,0,0,0,80,1,2,11870
1,0,0,0,0,0,0,0,0,0,0,0,80,2,1,2292
1,0,0,0,0,0,0,0,0,0,0,0,80,2,2,697
1,0,0,0,0,0,0,0,0,0,0,0,80,4,1,99
1,0,0,0,0,0,0,0,0,0,0,0,80,5,1,26628
1,0,0,0,0,0,0,0,0,0,0,0,80,5,2,57346
1,0,0,0,0,0,0,0,0,0,0,0,80,6,1,3989
1,0,0,0,0,0,0,0,0,0,0,0,80,6,2,7377
1,0,0,0,0,0,0,0,0,0,0,0,85,1,1,8671
1,0,0,0,0,0,0,0,0,0,0,0,85,1,2,2995
1,0,0,0,0,0,0,0,0,0,0,0,85,2,1,498
1,0,0,0,0,0,0,0,0,0,0,0,85,2,2,399
1,0,0,0,0,0,0,0,0,0,0,0,85,5,1,11772
1,0,0,0,0,0,0,0,0,0,0,0,85,5,2,26137
1,0,0,0,0,0,0,0,0,0,0,0,85,6,1,1496
1,0,0,0,0,0,0,0,0,0,0,0,85,6,2,1696
1,0,0,0,0,0,0,0,0,0,0,0,90,1,1,3689
1,0,0,0,0,0,0,0,0,0,0,0,90,1,2,399
1,0,0,0,0,0,0,0,0,0,0,0,90,2,1,398
1,0,0,0,0,0,0,0,0,0,0,0,90,2,2,100
1,0,0,0,0,0,0,0,0,0,0,0,90,4,1,100
1,0,0,0,0,0,0,0,0,0,0,0,90,5,1,5387
1,0,0,0,0,0,0,0,0,0,0,0,90,5,2,13255
1,0,0,0,0,0,0,0,0,0,0,0,90,6,1,698
1,0,0,0,0,0,0,0,0,0,0,0,90,6,2,1697
0,1,0,0,0,0,0,0,0,0,0,0,0,6,1,4619544
0,1,0,0,0,0,0,0,0,0,0,0,0,6,2,4589196
0,1,0,0,0,0,0,0,0,0,0,0,5,6,1,4465783
0,1,0,0,0,0,0,0,0,0,0,0,5,6,2,4390483
0,1,0,0,0,0,0,0,0,0,0,0,10,1,2,3722
0,1,0,0,0,0,0,0,0,0,0,0,10,2,1,502
0,1,0,0,0,0,0,0,0,0,0,0,10,2,2,1306
0,1,0,0,0,0,0,0,0,0,0,0,10,5,1,201
0,1,0,0,0,0,0,0,0,0,0,0,10,6,1,4056966
0,1,0,0,0,0,0,0,0,0,0,0,10,6,2,3996721
0,1,0,0,0,0,0,0,0,0,0,0,15,1,1,32572
0,1,0,0,0,0,0,0,0,0,0,0,15,1,2,396264
0,1,0,0,0,0,0,0,0,0,0,0,15,2,1,5632
0,1,0,0,0,0,0,0,0,0,0,0,15,2,2,25134
0,1,0,0,0,0,0,0,0,0,0,0,15,4,1,301
0,1,0,0,0,0,0,0,0,0,0,0,15,4,2,1809
0,1,0,0,0,0,0,0,0,0,0,0,15,5,1,1109
0,1,0,0,0,0,0,0,0,0,0,0,15,5,2,10352
0,1,0,0,0,0,0,0,0,0,0,0,15,6,1,3735232
0,1,0,0,0,0,0,0,0,0,0,0,15,6,2,3368184
0,1,0,0,0,0,0,0,0,0,0,0,20,1,1,739365
0,1,0,0,0,0,0,0,0,0,0,0,20,1,2,1675865
0,1,0,0,0,0,0,0,0,0,0,0,20,2,1,46941
0,1,0,0,0,0,0,0,0,0,0,0,20,2,2,83310
0,1,0,0,0,0,0,0,0,0,0,0,20,4,1,4122
0,1,0,0,0,0,0,0,0,0,0,0,20,4,2,11560
0,1,0,0,0,0,0,0,0,0,0,0,20,5,1,16585
0,1,0,0,0,0,0,0,0,0,0,0,20,5,2,52652
0,1,0,0,0,0,0,0,0,0,0,0,20,6,1,2887025
0,1,0,0,0,0,0,0,0,0,0,0,20,6,2,1927674
0,1,0,0,0,0,0,0,0,0,0,0,25,1,1,1696542
0,1,0,0,0,0,0,0,0,0,0,0,25,1,2,2150869
0,1,0,0,0,0,0,0,0,0,0,0,25,2,1,89966
0,1,0,0,0,0,0,0,0,0,0,0,25,2,2,82826
0,1,0,0,0,0,0,0,0,0,0,0,25,4,1,8836
0,1,0,0,0,0,0,0,0,0,0,0,25,4,2,17388
0,1,0,0,0,0,0,0,0,0,0,0,25,5,1,40097
0,1,0,0,0,0,0,0,0,0,0,0,25,5,2,94141
0,1,0,0,0,0,0,0,0,0,0,0,25,6,1,1553839
0,1,0,0,0,0,0,0,0,0,0,0,25,6,2,890832
0,1,0,0,0,0,0,0,0,0,0,0,30,1,1,1929229
0,1,0,0,0,0,0,0,0,0,0,0,30,1,2,2005516
0,1,0,0,0,0,0,0,0,0,0,0,30,2,1,90726
0,1,0,0,0,0,0,0,0,0,0,0,30,2,2,68647
0,1,0,0,0,0,0,0,0,0,0,0,30,4,1,10259
0,1,0,0,0,0,0,0,0,0,0,0,30,4,2,17287
0,1,0,0,0,0,0,0,0,0,0,0,30,5,1,56695
0,1,0,0,0,0,0,0,0,0,0,0,30,5,2,123907
0,1,0,0,0,0,0,0,0,0,0,0,30,6,1,832055
0,1,0,0,0,0,0,0,0,0,0,0,30,6,2,449817
0,1,0,0,0,0,0,0,0,0,0,0,35,1,1,1936263
0,1,0,0,0,0,0,0,0,0,0,0,35,1,2,1805069
0,1,0,0,0,0,0,0,0,0,0,0,35,2,1,96909
0,1,0,0,0,0,0,0,0,0,0,0,35,2,2,64111
0,1,0,0,0,0,0,0,0,0,0,0,35,4,1,9950
0,1,0,0,0,0,0,0,0,0,0,0,35,4,2,13770
0,1,0,0,0,0,0,0,0,0,0,0,35,5,1,80686
0,1,0,0,0,0,0,0,0,0,0,0,35,5,2,169672
0,1,0,0,0,0,0,0,0,0,0,0,35,6,1,510075
0,1,0,0,0,0,0,0,0,0,0,0,35,6,2,295115
0,1,0,0,0,0,0,0,0,0,0,0,40,1,1,1730760
0,1,0,0,0,0,0,0,0,0,0,0,40,1,2,1519459
0,1,0,0,0,0,0,0,0,0,0,0,40,2,1,93977
0,1,0,0,0,0,0,0,0,0,0,0,40,2,2,52343
0,1,0,0,0,0,0,0,0,0,0,0,40,4,1,11546
0,1,0,0,0,0,0,0,0,0,0,0,40,4,2,14779
0,1,0,0,0,0,0,0,0,0,0,0,40,5,1,95083
0,1,0,0,0,0,0,0,0,0,0,0,40,5,2,210858
0,1,0,0,0,0,0,0,0,0,0,0,40,6,1,329704
0,1,0,0,0,0,0,0,0,0,0,0,40,6,2,207548
0,1,0,0,0,0,0,0,0,0,0,0,45,1,1,1458766
0,1,0,0,0,0,0,0,0,0,0,0,45,1,2,1198397
0,1,0,0,0,0,0,0,0,0,0,0,45,2,1,69555
0,1,0,0,0,0,0,0,0,0,0,0,45,2,2,48652
0,1,0,0,0,0,0,0,0,0,0,0,45,4,1,10054
0,1,0,0,0,0,0,0,0,0,0,0,45,4,2,11151
0,1,0,0,0,0,0,0,0,0,0,0,45,5,1,110965
0,1,0,0,0,0,0,0,0,0,0,0,45,5,2,250510
0,1,0,0,0,0,0,0,0,0,0,0,45,6,1,219073
0,1,0,0,0,0,0,0,0,0,0,0,45,6,2,139315
0,1,0,0,0,0,0,0,0,0,0,0,50,1,1,1227604
0,1,0,0,0,0,0,0,0,0,0,0,50,1,2,966949
0,1,0,0,0,0,0,0,0,0,0,0,50,2,1,58112
0,1,0,0,0,0,0,0,0,0,0,0,50,2,2,41610
0,1,0,0,0,0,0,0,0,0,0,0,50,4,1,11045
0,1,0,0,0,0,0,0,0,0,0,0,50,4,2,9348
0,1,0,0,0,0,0,0,0,0,0,0,50,5,1,127847
0,1,0,0,0,0,0,0,0,0,0,0,50,5,2,292357
0,1,0,0,0,0,0,0,0,0,0,0,50,6,1,146430
0,1,0,0,0,0,0,0,0,0,0,0,50,6,2,101717
0,1,0,0,0,0,0,0,0,0,0,0,55,1,1,896182
0,1,0,0,0,0,0,0,0,0,0,0,55,1,2,666505
0,1,0,0,0,0,0,0,0,0,0,0,55,2,1,39602
0,1,0,0,0,0,0,0,0,0,0,0,55,2,2,28549
0,1,0,0,0,0,0,0,0,0,0,0,55,4,1,8147
0,1,0,0,0,0,0,0,0,0,0,0,55,4,2,5629
0,1,0,0,0,0,0,0,0,0,0,0,55,5,1,122901
0,1,0,0,0,0,0,0,0,0,0,0,55,5,2,293004
0,1,0,0,0,0,0,0,0,0,0,0,55,6,1,95076
0,1,0,0,0,0,0,0,0,0,0,0,55,6,2,70945
0,1,0,0,0,0,0,0,0,0,0,0,60,1,1,678793
0,1,0,0,0,0,0,0,0,0,0,0,60,1,2,462396
0,1,0,0,0,0,0,0,0,0,0,0,60,2,1,33174
0,1,0,0,0,0,0,0,0,0,0,0,60,2,2,24326
0,1,0,0,0,0,0,0,0,0,0,0,60,4,1,5425
0,1,0,0,0,0,0,0,0,0,0,0,60,4,2,3017
0,1,0,0,0,0,0,0,0,0,0,0,60,5,1,128847
0,1,0,0,0,0,0,0,0,0,0,0,60,5,2,339786
0,1,0,0,0,0,0,0,0,0,0,0,60,6,1,70332
0,1,0,0,0,0,0,0,0,0,0,0,60,6,2,57983
0,1,0,0,0,0,0,0,0,0,0,0,65,1,1,480925
0,1,0,0,0,0,0,0,0,0,0,0,65,1,2,274764
0,1,0,0,0,0,0,0,0,0,0,0,65,2,1,20403
0,1,0,0,0,0,0,0,0,0,0,0,65,2,2,16194
0,1,0,0,0,0,0,0,0,0,0,0,65,4,1,2509
0,1,0,0,0,0,0,0,0,0,0,0,65,4,2,2110
0,1,0,0,0,0,0,0,0,0,0,0,65,5,1,125719
0,1,0,0,0,0,0,0,0,0,0,0,65,5,2,312661
0,1,0,0,0,0,0,0,0,0,0,0,65,6,1,43107
0,1,0,0,0,0,0,0,0,0,0,0,65,6,2,34483
0,1,0,0,0,0,0,0,0,0,0,0,70,1,1,298783
0,1,0,0,0,0,0,0,0,0,0,0,70,1,2,136163
0,1,0,0,0,0,0,0,0,0,0,0,70,2,1,13166
0,1,0,0,0,0,0,0,0,0,0,0,70,2,2,10144
0,1,0,0,0,0,0,0,0,0,0,0,70,4,1,2310
0,1,0,0,0,0,0,0,0,0,0,0,70,4,2,904
0,1,0,0,0,0,0,0,0,0,0,0,70,5,1,115663
0,1,0,0,0,0,0,0,0,0,0,0,70,5,2,266985
0,1,0,0,0,0,0,0,0,0,0,0,70,6,1,24825
0,1,0,0,0,0,0,0,0,0,0,0,70,6,2,25811
0,1,0,0,0,0,0,0,0,0,0,0,75,1,1,154368
0,1,0,0,0,0,0,0,0,0,0,0,75,1,2,58301
0,1,0,0,0,0,0,0,0,0,0,0,75,2,1,8949
0,1,0,0,0,0,0,0,0,0,0,0,75,2,2,5428
0,1,0,0,0,0,0,0,0,0,0,0,75,4,1,1302
0,1,0,0,0,0,0,0,0,0,0,0,75,4,2,602
0,1,0,0,0,0,0,0,0,0,0,0,75,5,1,86713
0,1,0,0,0,0,0,0,0,0,0,0,75,5,2,184056
0,1,0,0,0,0,0,0,0,0,0,0,75,6,1,16879
0,1,0,0,0,0,0,0,0,0,0,0,75,6,2,17492
0,1,0,0,0,0,0,0,0,0,0,0,80,1,1,59785
0,1,0,0,0,0,0,0,0,0,0,0,80,1,2,17381
0,1,0,0,0,0,0,0,0,0,0,0,80,2,1,4726
0,1,0,0,0,0,0,0,0,0,0,0,80,2,2,2109
0,1,0,0,0,0,0,0,0,0,0,0,80,4,1,401
0,1,0,0,0,0,0,0,0,0,0,0,80,5,1,56691
0,1,0,0,0,0,0,0,0,0,0,0,80,5,2,104721
0,1,0,0,0,0,0,0,0,0,0,0,80,6,1,5832
0,1,0,0,0,0,0,0,0,0,0,0,80,6,2,8238
0,1,0,0,0,0,0,0,0,0,0,0,85,1,1,16983
0,1,0,0,0,0,0,0,0,0,0,0,85,1,2,3414
0,1,0,0,0,0,0,0,0,0,0,0,85,2,1,1307
0,1,0,0,0,0,0,0,0,0,0,0,85,2,2,402
0,1,0,0,0,0,0,0,0,0,0,0,85,4,1,100
0,1,0,0,0,0,0,0,0,0,0,0,85,4,2,201
0,1,0,0,0,0,0,0,0,0,0,0,85,5,1,23612
0,1,0,0,0,0,0,0,0,0,0,0,85,5,2,41277
0,1,0,0,0,0,0,0,0,0,0,0,85,6,1,2006
0,1,0,0,0,0,0,0,0,0,0,0,85,6,2,3320
0,1,0,0,0,0,0,0,0,0,0,0,90,1,1,5218
0,1,0,0,0,0,0,0,0,0,0,0,90,1,2,1407
0,1,0,0,0,0,0,0,0,0,0,0,90,2,1,603
0,1,0,0,0,0,0,0,0,0,0,0,90,2,2,504
0,1,0,0,0,0,0,0,0,0,0,0,90,5,1,8338
0,1,0,0,0,0,0,0,0,0,0,0,90,5,2,16574
0,1,0,0,0,0,0,0,0,0,0,0,90,6,1,1005
0,1,0,0,0,0,0,0,0,0,0,0,90,6,2,1608
0,0,1,0,0,0,0,0,0,0,0,0,0,6,1,5296823
0,0,1,0,0,0,0,0,0,0,0,0,0,6,2,5287477
0,0,1,0,0,0,0,0,0,0,0,0,5,6,1,4991803
0,0,1,0,0,0,0,0,0,0,0,0,5,6,2,4866139
0,0,1,0,0,0,0,0,0,0,0,0,10,1,1,252
0,0,1,0,0,0,0,0,0,0,0,0,10,1,2,756
0,0,1,0,0,0,0,0,0,0,0,0,10,2,1,503
0,0,1,0,0,0,0,0,0,0,0,0,10,2,2,503
0,0,1,0,0,0,0,0,0,0,0,0,10,6,1,4649992
0,0,1,0,0,0,0,0,0,0,0,0,10,6,2,4470628
0,0,1,0,0,0,0,0,0,0,0,0,15,1,1,41807
0,0,1,0,0,0,0,0,0,0,0,0,15,1,2,509067
0,0,1,0,0,0,0,0,0,0,0,0,15,2,1,7557
0,0,1,0,0,0,0,0,0,0,0,0,15,2,2,32492
0,0,1,0,0,0,0,0,0,0,0,0,15,4,1,756
0,0,1,0,0,0,0,0,0,0,0,0,15,4,2,3527
0,0,1,0,0,0,0,0,0,0,0,0,15,5,1,756
0,0,1,0,0,0,0,0,0,0,0,0,15,5,2,10579
0,0,1,0,0,0,0,0,0,0,0,0,15,6,1,4515278
0,0,1,0,0,0,0,0,0,0,0,0,15,6,2,4036604
0,0,1,0,0,0,0,0,0,0,0,0,20,1,1,1024956
0,0,1,0,0,0,0,0,0,0,0,0,20,1,2,2083156
0,0,1,0,0,0,0,0,0,0,0,0,20,2,1,76826
0,0,1,0,0,0,0,0,0,0,0,0,20,2,2,101511
0,0,1,0,0,0,0,0,0,0,0,0,20,4,1,5541
0,0,1,0,0,0,0,0,0,0,0,0,20,4,2,25194
0,0,1,0,0,0,0,0,0,0,0,0,20,5,1,13853
0,0,1,0,0,0,0,0,0,0,0,0,20,5,2,55668
0,0,1,0,0,0,0,0,0,0,0,0,20,6,1,3516456
0,0,1,0,0,0,0,0,0,0,0,0,20,6,2,2182154
0,0,1,0,0,0,0,0,0,0,0,0,25,1,1,2170316
0,0,1,0,0,0,0,0,0,0,0,0,25,1,2,2722434
0,0,1,0,0,0,0,0,0,0,0,0,25,2,1,166747
0,0,1,0,0,0,0,0,0,0,0,0,25,2,2,109071
0,0,1,0,0,0,0,0,0,0,0,0,25,4,1,14862
0,0,1,0,0,0,0,0,0,0,0,0,25,4,2,30734
0,0,1,0,0,0,0,0,0,0,0,0,25,5,1,46849
0,0,1,0,0,0,0,0,0,0,0,0,25,5,2,110592
0,0,1,0,0,0,0,0,0,0,0,0,25,6,1,1858981
0,0,1,0,0,0,0,0,0,0,0,0,25,6,2,973322
0,0,1,0,0,0,0,0,0,0,0,0,30,1,1,2399426
0,0,1,0,0,0,0,0,0,0,0,0,30,1,2,2509056
0,0,1,0,0,0,0,0,0,0,0,0,30,2,1,183881
0,0,1,0,0,0,0,0,0,0,0,0,30,2,2,83130
0,0,1,0,0,0,0,0,0,0,0,0,30,4,1,17128
0,0,1,0,0,0,0,0,0,0,0,0,30,4,2,27458
0,0,1,0,0,0,0,0,0,0,0,0,30,5,1,68009
0,0,1,0,0,0,0,0,0,0,0,0,30,5,2,133003
0,0,1,0,0,0,0,0,0,0,0,0,30,6,1,989681
0,0,1,0,0,0,0,0,0,0,0,0,30,6,2,542573
0,0,1,0,0,0,0,0,0,0,0,0,35,1,1,2461026
0,0,1,0,0,0,0,0,0,0,0,0,35,1,2,2385199
0,0,1,0,0,0,0,0,0,0,0,0,35,2,1,170533
0,0,1,0,0,0,0,0,0,0,0,0,35,2,2,86151
0,0,1,0,0,0,0,0,0,0,0,0,35,4,1,23175
0,0,1,0,0,0,0,0,0,0,0,0,35,4,2,29221
0,0,1,0,0,0,0,0,0,0,0,0,35,5,1,86140
0,0,1,0,0,0,0,0,0,0,0,0,35,5,2,215117
0,0,1,0,0,0,0,0,0,0,0,0,35,6,1,686644
0,0,1,0,0,0,0,0,0,0,0,0,35,6,2,373302
0,0,1,0,0,0,0,0,0,0,0,0,40,1,1,2125720
0,0,1,0,0,0,0,0,0,0,0,0,40,1,2,1883413
0,0,1,0,0,0,0,0,0,0,0,0,40,2,1,151141
0,0,1,0,0,0,0,0,0,0,0,0,40,2,2,65494
0,0,1,0,0,0,0,0,0,0,0,0,40,4,1,18893
0,0,1,0,0,0,0,0,0,0,0,0,40,4,2,22418
0,0,1,0,0,0,0,0,0,0,0,0,40,5,1,116116
0,0,1,0,0,0,0,0,0,0,0,0,40,5,2,228181
0,0,1,0,0,0,0,0,0,0,0,0,40,6,1,448359
0,0,1,0,0,0,0,0,0,0,0,0,40,6,2,271761
0,0,1,0,0,0,0,0,0,0,0,0,45,1,1,1803096
0,0,1,0,0,0,0,0,0,0,0,0,45,1,2,1552185
0,0,1,0,0,0,0,0,0,0,0,0,45,2,1,114865
0,0,1,0,0,0,0,0,0,0,0,0,45,2,2,55421
0,0,1,0,0,0,0,0,0,0,0,0,45,4,1,19146
0,0,1,0,0,0,0,0,0,0,0,0,45,4,2,21918
0,0,1,0,0,0,0,0,0,0,0,0,45,5,1,128709
0,0,1,0,0,0,0,0,0,0,0,0,45,5,2,289938
0,0,1,0,0,0,0,0,0,0,0,0,45,6,1,297985
0,0,1,0,0,0,0,0,0,0,0,0,45,6,2,195468
0,0,1,0,0,0,0,0,0,0,0,0,50,1,1,1630512
0,0,1,0,0,0,0,0,0,0,0,0,50,1,2,1214387
0,0,1,0,0,0,0,0,0,0,0,0,50,2,1,82124
0,0,1,0,0,0,0,0,0,0,0,0,50,2,2,51136
0,0,1,0,0,0,0,0,0,0,0,0,50,4,1,16876
0,0,1,0,0,0,0,0,0,0,0,0,50,4,2,15872
0,0,1,0,0,0,0,0,0,0,0,0,50,5,1,162980
0,0,1,0,0,0,0,0,0,0,0,0,50,5,2,349133
0,0,1,0,0,0,0,0,0,0,0,0,50,6,1,234024
0,0,1,0,0,0,0,0,0,0,0,0,50,6,2,143064
0,0,1,0,0,0,0,0,0,0,0,0,55,1,1,1150671
0,0,1,0,0,0,0,0,0,0,0,0,55,1,2,831002
0,0,1,0,0,0,0,0,0,0,0,0,55,2,1,58429
0,0,1,0,0,0,0,0,0,0,0,0,55,2,2,41818
0,0,1,0,0,0,0,0,0,0,0,0,55,4,1,11588
0,0,1,0,0,0,0,0,0,0,0,0,55,4,2,13604
0,0,1,0,0,0,0,0,0,0,0,0,55,5,1,159445
0,0,1,0,0,0,0,0,0,0,0,0,55,5,2,344073
0,0,1,0,0,0,0,0,0,0,0,0,55,6,1,128225
0,0,1,0,0,0,0,0,0,0,0,0,55,6,2,87154
0,0,1,0,0,0,0,0,0,0,0,0,60,1,1,866733
0,0,1,0,0,0,0,0,0,0,0,0,60,1,2,567012
0,0,1,0,0,0,0,0,0,0,0,0,60,2,1,46600
0,0,1,0,0,0,0,0,0,0,0,0,60,2,2,34258
0,0,1,0,0,0,0,0,0,0,0,0,60,4,1,11840
0,0,1,0,0,0,0,0,0,0,0,0,60,4,2,7307
0,0,1,0,0,0,0,0,0,0,0,0,60,5,1,166759
0,0,1,0,0,0,0,0,0,0,0,0,60,5,2,403523
0,0,1,0,0,0,0,0,0,0,0,0,60,6,1,97489
0,0,1,0,0,0,0,0,0,0,0,0,60,6,2,78597
0,0,1,0,0,0,0,0,0,0,0,0,65,1,1,589950
0,0,1,0,0,0,0,0,0,0,0,0,65,1,2,359200
0,0,1,0,0,0,0,0,0,0,0,0,65,2,1,35272
0,0,1,0,0,0,0,0,0,0,0,0,65,2,2,23174
0,0,1,0,0,0,0,0,0,0,0,0,65,4,1,7305
0,0,1,0,0,0,0,0,0,0,0,0,65,4,2,4029
0,0,1,0,0,0,0,0,0,0,0,0,65,5,1,159953
0,0,1,0,0,0,0,0,0,0,0,0,65,5,2,370783
0,0,1,0,0,0,0,0,0,0,0,0,65,6,1,57679
0,0,1,0,0,0,0,0,0,0,0,0,65,6,2,56682
0,0,1,0,0,0,0,0,0,0,0,0,70,1,1,340058
0,0,1,0,0,0,0,0,0,0,0,0,70,1,2,174823
0,0,1,0,0,0,0,0,0,0,0,0,70,2,1,20401
0,0,1,0,0,0,0,0,0,0,0,0,70,2,2,12847
0,0,1,0,0,0,0,0,0,0,0,0,70,4,1,3275
0,0,1,0,0,0,0,0,0,0,0,0,70,4,2,1260
0,0,1,0,0,0,0,0,0,0,0,0,70,5,1,156672
0,0,1,0,0,0,0,0,0,0,0,0,70,5,2,317130
0,0,1,0,0,0,0,0,0,0,0,0,70,6,1,37530
0,0,1,0,0,0,0,0,0,0,0,0,70,6,2,41563
0,0,1,0,0,0,0,0,0,0,0,0,75,1,1,180118
0,0,1,0,0,0,0,0,0,0,0,0,75,1,2,65750
0,0,1,0,0,0,0,0,0,0,0,0,75,2,1,11838
0,0,1,0,0,0,0,0,0,0,0,0,75,2,2,8060
0,0,1,0,0,0,0,0,0,0,0,0,75,4,1,2519
0,0,1,0,0,0,0,0,0,0,0,0,75,4,2,756
0,0,1,0,0,0,0,0,0,0,0,0,75,5,1,110320
0,0,1,0,0,0,0,0,0,0,0,0,75,5,2,257189
0,0,1,0,0,0,0,0,0,0,0,0,75,6,1,17884
0,0,1,0,0,0,0,0,0,0,0,0,75,6,2,19145
0,0,1,0,0,0,0,0,0,0,0,0,80,1,1,68770
0,0,1,0,0,0,0,0,0,0,0,0,80,1,2,18392
0,0,1,0,0,0,0,0,0,0,0,0,80,2,1,6801
0,0,1,0,0,0,0,0,0,0,0,0,80,2,2,4786
0,0,1,0,0,0,0,0,0,0,0,0,80,4,1,754
0,0,1,0,0,0,0,0,0,0,0,0,80,4,2,756
0,0,1,0,0,0,0,0,0,0,0,0,80,5,1,78083
0,0,1,0,0,0,0,0,0,0,0,0,80,5,2,139296
0,0,1,0,0,0,0,0,0,0,0,0,80,6,1,7307
0,0,1,0,0,0,0,0,0,0,0,0,80,6,2,11085
0,0,1,0,0,0,0,0,0,0,0,0,85,1,1,20909
0,0,1,0,0,0,0,0,0,0,0,0,85,1,2,4534
0,0,1,0,0,0,0,0,0,0,0,0,85,2,1,1764
0,0,1,0,0,0,0,0,0,0,0,0,85,2,2,1259
0,0,1,0,0,0,0,0,0,0,0,0,85,4,1,252
0,0,1,0,0,0,0,0,0,0,0,0,85,5,1,32995
0,0,1,0,0,0,0,0,0,0,0,0,85,5,2,55420
0,0,1,0,0,0,0,0,0,0,0,0,85,6,1,3779
0,0,1,0,0,0,0,0,0,0,0,0,85,6,2,1512
0,0,1,0,0,0,0,0,0,0,0,0,90,1,1,7305
0,0,1,0,0,0,0,0,0,0,0,0,90,1,2,1511
0,0,1,0,0,0,0,0,0,0,0,0,90,2,1,1260
0,0,1,0,0,0,0,0,0,0,0,0,90,2,2,504
0,0,1,0,0,0,0,0,0,0,0,0,90,4,2,252
0,0,1,0,0,0,0,0,0,0,0,0,90,5,1,14608
0,0,1,0,0,0,0,0,0,0,0,0,90,5,2,24935
0,0,1,0,0,0,0,0,0,0,0,0,90,6,1,756
0,0,1,0,0,0,0,0,0,0,0,0,90,6,2,1763
0,0,0,1,0,0,0,0,0,0,0,0,0,6,1,5934792
0,0,0,1,0,0,0,0,0,0,0,0,0,6,2,5694244
0,0,0,1,0,0,0,0,0,0,0,0,5,6,1,5789008
0,0,0,1,0,0,0,0,0,0,0,0,5,6,2,5693960
0,0,0,1,0,0,0,0,0,0,0,0,10,1,1,202
0,0,0,1,0,0,0,0,0,0,0,0,10,1,2,4239
0,0,0,1,0,0,0,0,0,0,0,0,10,2,1,1212
0,0,0,1,0,0,0,0,0,0,0,0,10,2,2,1312
0,0,0,1,0,0,0,0,0,0,0,0,10,4,1,101
0,0,0,1,0,0,0,0,0,0,0,0,10,5,1,202
0,0,0,1,0,0,0,0,0,0,0,0,10,5,2,202
0,0,0,1,0,0,0,0,0,0,0,0,10,6,1,5399439
0,0,0,1,0,0,0,0,0,0,0,0,10,6,2,5287304
0,0,0,1,0,0,0,0,0,0,0,0,15,1,1,78211
0,0,0,1,0,0,0,0,0,0,0,0,15,1,2,587731
0,0,0,1,0,0,0,0,0,0,0,0,15,2,1,22201
0,0,0,1,0,0,0,0,0,0,0,0,15,2,2,49958
0,0,0,1,0,0,0,0,0,0,0,0,15,4,1,1211
0,0,0,1,0,0,0,0,0,0,0,0,15,4,2,6658
0,0,0,1,0,0,0,0,0,0,0,0,15,5,1,2118
0,0,0,1,0,0,0,0,0,0,0,0,15,5,2,12613
0,0,0,1,0,0,0,0,0,0,0,0,15,6,1,4620624
0,0,0,1,0,0,0,0,0,0,0,0,15,6,2,4122976
0,0,0,1,0,0,0,0,0,0,0,0,20,1,1,1174975
0,0,0,1,0,0,0,0,0,0,0,0,20,1,2,2368395
0,0,0,1,0,0,0,0,0,0,0,0,20,2,1,103955
0,0,0,1,0,0,0,0,0,0,0,0,20,2,2,132208
0,0,0,1,0,0,0,0,0,0,0,0,20,4,1,10699
0,0,0,1,0,0,0,0,0,0,0,0,20,4,2,28356
0,0,0,1,0,0,0,0,0,0,0,0,20,5,1,21499
0,0,0,1,0,0,0,0,0,0,0,0,20,5,2,65393
0,0,0,1,0,0,0,0,0,0,0,0,20,6,1,3238283
0,0,0,1,0,0,0,0,0,0,0,0,20,6,2,2148280
0,0,0,1,0,0,0,0,0,0,0,0,25,1,1,2511726
0,0,0,1,0,0,0,0,0,0,0,0,25,1,2,3217818
0,0,0,1,0,0,0,0,0,0,0,0,25,2,1,141772
0,0,0,1,0,0,0,0,0,0,0,0,25,2,2,118953
0,0,0,1,0,0,0,0,0,0,0,0,25,4,1,23824
0,0,0,1,0,0,0,0,0,0,0,0,25,4,2,39663
0,0,0,1,0,0,0,0,0,0,0,0,25,5,1,49446
0,0,0,1,0,0,0,0,0,0,0,0,25,5,2,113629
0,0,0,1,0,0,0,0,0,0,0,0,25,6,1,1838298
0,0,0,1,0,0,0,0,0,0,0,0,25,6,2,1039319
0,0,0,1,0,0,0,0,0,0,0,0,30,1,1,2855361
0,0,0,1,0,0,0,0,0,0,0,0,30,1,2,3104649
0,0,0,1,0,0,0,0,0,0,0,0,30,2,1,151066
0,0,0,1,0,0,0,0,0,0,0,0,30,2,2,99885
0,0,0,1,0,0,0,0,0,0,0,0,30,4,1,29560
0,0,0,1,0,0,0,0,0,0,0,0,30,4,2,41174
0,0,0,1,0,0,0,0,0,0,0,0,30,5,1,69824
0,0,0,1,0,0,0,0,0,0,0,0,30,5,2,152982
0,0,0,1,0,0,0,0,0,0,0,0,30,6,1,1004960
0,0,0,1,0,0,0,0,0,0,0,0,30,6,2,583736
0,0,0,1,0,0,0,0,0,0,0,0,35,1,1,3041446
0,0,0,1,0,0,0,0,0,0,0,0,35,1,2,2928711
0,0,0,1,0,0,0,0,0,0,0,0,35,2,1,180649
0,0,0,1,0,0,0,0,0,0,0,0,35,2,2,97671
0,0,0,1,0,0,0,0,0,0,0,0,35,4,1,33898
0,0,0,1,0,0,0,0,0,0,0,0,35,4,2,42381
0,0,0,1,0,0,0,0,0,0,0,0,35,5,1,103026
0,0,0,1,0,0,0,0,0,0,0,0,35,5,2,215532
0,0,0,1,0,0,0,0,0,0,0,0,35,6,1,722524
0,0,0,1,0,0,0,0,0,0,0,0,35,6,2,429515
0,0,0,1,0,0,0,0,0,0,0,0,40,1,1,2542029
0,0,0,1,0,0,0,0,0,0,0,0,40,1,2,2361698
0,0,0,1,0,0,0,0,0,0,0,0,40,2,1,153589
0,0,0,1,0,0,0,0,0,0,0,0,40,2,2,83172
0,0,0,1,0,0,0,0,0,0,0,0,40,4,1,31983
0,0,0,1,0,0,0,0,0,0,0,0,40,4,2,28562
0,0,0,1,0,0,0,0,0,0,0,0,40,5,1,119593
0,0,0,1,0,0,0,0,0,0,0,0,40,5,2,263501
0,0,0,1,0,0,0,0,0,0,0,0,40,6,1,474729
0,0,0,1,0,0,0,0,0,0,0,0,40,6,2,322824
0,0,0,1,0,0,0,0,0,0,0,0,45,1,1,2405631
0,0,0,1,0,0,0,0,0,0,0,0,45,1,2,1979074
0,0,0,1,0,0,0,0,0,0,0,0,45,2,1,145728
0,0,0,1,0,0,0,0,0,0,0,0,45,2,2,78711
0,0,0,1,0,0,0,0,0,0,0,0,45,4,1,28758
0,0,0,1,0,0,0,0,0,0,0,0,45,4,2,25329
0,0,0,1,0,0,0,0,0,0,0,0,45,5,1,158118
0,0,0,1,0,0,0,0,0,0,0,0,45,5,2,327645
0,0,0,1,0,0,0,0,0,0,0,0,45,6,1,405656
0,0,0,1,0,0,0,0,0,0,0,0,45,6,2,258330
0,0,0,1,0,0,0,0,0,0,0,0,50,1,1,1935382
0,0,0,1,0,0,0,0,0,0,0,0,50,1,2,1502493
0,0,0,1,0,0,0,0,0,0,0,0,50,2,1,115144
0,0,0,1,0,0,0,0,0,0,0,0,50,2,2,67195
0,0,0,1,0,0,0,0,0,0,0,0,50,4,1,26446
0,0,0,1,0,0,0,0,0,0,0,0,50,4,2,19477
0,0,0,1,0,0,0,0,0,0,0,0,50,5,1,183455
0,0,0,1,0,0,0,0,0,0,0,0,50,5,2,410113
0,0,0,1,0,0,0,0,0,0,0,0,50,6,1,285608
0,0,0,1,0,0,0,0,0,0,0,0,50,6,2,201213
0,0,0,1,0,0,0,0,0,0,0,0,55,1,1,1406894
0,0,0,1,0,0,0,0,0,0,0,0,55,1,2,1046715
0,0,0,1,0,0,0,0,0,0,0,0,55,2,1,78107
0,0,0,1,0,0,0,0,0,0,0,0,55,2,2,49756
0,0,0,1,0,0,0,0,0,0,0,0,55,4,1,17656
0,0,0,1,0,0,0,0,0,0,0,0,55,4,2,13523
0,0,0,1,0,0,0,0,0,0,0,0,55,5,1,184469
0,0,0,1,0,0,0,0,0,0,0,0,55,5,2,416537
0,0,0,1,0,0,0,0,0,0,0,0,55,6,1,193849
0,0,0,1,0,0,0,0,0,0,0,0,55,6,2,148141
0,0,0,1,0,0,0,0,0,0,0,0,60,1,1,1147749
0,0,0,1,0,0,0,0,0,0,0,0,60,1,2,742176
0,0,0,1,0,0,0,0,0,0,0,0,60,2,1,64287
0,0,0,1,0,0,0,0,0,0,0,0,60,2,2,36123
0,0,0,1,0,0,0,0,0,0,0,0,60,4,1,14727
0,0,0,1,0,0,0,0,0,0,0,0,60,4,2,9788
0,0,0,1,0,0,0,0,0,0,0,0,60,5,1,214247
0,0,0,1,0,0,0,0,0,0,0,0,60,5,2,483167
0,0,0,1,0,0,0,0,0,0,0,0,60,6,1,146539
0,0,0,1,0,0,0,0,0,0,0,0,60,6,2,111623
0,0,0,1,0,0,0,0,0,0,0,0,65,1,1,753162
0,0,0,1,0,0,0,0,0,0,0,0,65,1,2,445700
0,0,0,1,0,0,0,0,0,0,0,0,65,2,1,40775
0,0,0,1,0,0,0,0,0,0,0,0,65,2,2,26844
0,0,0,1,0,0,0,0,0,0,0,0,65,4,1,8577
0,0,0,1,0,0,0,0,0,0,0,0,65,4,2,4843
0,0,0,1,0,0,0,0,0,0,0,0,65,5,1,201006
0,0,0,1,0,0,0,0,0,0,0,0,65,5,2,442479
0,0,0,1,0,0,0,0,0,0,0,0,65,6,1,92436
0,0,0,1,0,0,0,0,0,0,0,0,65,6,2,70035
0,0,0,1,0,0,0,0,0,0,0,0,70,1,1,437808
0,0,0,1,0,0,0,0,0,0,0,0,70,1,2,217252
0,0,0,1,0,0,0,0,0,0,0,0,70,2,1,22906
0,0,0,1,0,0,0,0,0,0,0,0,70,2,2,14928
0,0,0,1,0,0,0,0,0,0,0,0,70,4,1,6361
0,0,0,1,0,0,0,0,0,0,0,0,70,4,2,3129
0,0,0,1,0,0,0,0,0,0,0,0,70,5,1,197077
0,0,0,1,0,0,0,0,0,0,0,0,70,5,2,405051
0,0,0,1,0,0,0,0,0,0,0,0,70,6,1,50466
0,0,0,1,0,0,0,0,0,0,0,0,70,6,2,49737
0,0,0,1,0,0,0,0,0,0,0,0,75,1,1,226157
0,0,0,1,0,0,0,0,0,0,0,0,75,1,2,92430
0,0,0,1,0,0,0,0,0,0,0,0,75,2,1,16042
0,0,0,1,0,0,0,0,0,0,0,0,75,2,2,8980
0,0,0,1,0,0,0,0,0,0,0,0,75,4,1,3631
0,0,0,1,0,0,0,0,0,0,0,0,75,4,2,808
0,0,0,1,0,0,0,0,0,0,0,0,75,5,1,145423
0,0,0,1,0,0,0,0,0,0,0,0,75,5,2,309795
0,0,0,1,0,0,0,0,0,0,0,0,75,6,1,26039
0,0,0,1,0,0,0,0,0,0,0,0,75,6,2,27452
0,0,0,1,0,0,0,0,0,0,0,0,80,1,1,80129
0,0,0,1,0,0,0,0,0,0,0,0,80,1,2,23214
0,0,0,1,0,0,0,0,0,0,0,0,80,2,1,8578
0,0,0,1,0,0,0,0,0,0,0,0,80,2,2,3735
0,0,0,1,0,0,0,0,0,0,0,0,80,4,1,1010
0,0,0,1,0,0,0,0,0,0,0,0,80,4,2,202
0,0,0,1,0,0,0,0,0,0,0,0,80,5,1,86789
0,0,0,1,0,0,0,0,0,0,0,0,80,5,2,169937
0,0,0,1,0,0,0,0,0,0,0,0,80,6,1,10494
0,0,0,1,0,0,0,0,0,0,0,0,80,6,2,14022
0,0,0,1,0,0,0,0,0,0,0,0,85,1,1,28153
0,0,0,1,0,0,0,0,0,0,0,0,85,1,2,6961
0,0,0,1,0,0,0,0,0,0,0,0,85,2,1,3030
0,0,0,1,0,0,0,0,0,0,0,0,85,2,2,1915
0,0,0,1,0,0,0,0,0,0,0,0,85,4,1,505
0,0,0,1,0,0,0,0,0,0,0,0,85,4,2,101
0,0,0,1,0,0,0,0,0,0,0,0,85,5,1,39460
0,0,0,1,0,0,0,0,0,0,0,0,85,5,2,77998
0,0,0,1,0,0,0,0,0,0,0,0,85,6,1,4843
0,0,0,1,0,0,0,0,0,0,0,0,85,6,2,5854
0,0,0,1,0,0,0,0,0,0,0,0,90,1,1,6256
0,0,0,1,0,0,0,0,0,0,0,0,90,1,2,2015
0,0,0,1,0,0,0,0,0,0,0,0,90,2,1,1009
0,0,0,1,0,0,0,0,0,0,0,0,90,2,2,606
0,0,0,1,0,0,0,0,0,0,0,0,90,5,1,12813
0,0,0,1,0,0,0,0,0,0,0,0,90,5,2,27749
0,0,0,1,0,0,0,0,0,0,0,0,90,6,1,2320
0,0,0,1,0,0,0,0,0,0,0,0,90,6,2,1715
0,0,0,0,1,0,0,0,0,0,0,0,0,6,1,5875250
0,0,0,0,1,0,0,0,0,0,0,0,0,6,2,5662530
0,0,0,0,1,0,0,0,0,0,0,0,5,6,1,6542592
0,0,0,0,1,0,0,0,0,0,0,0,5,6,2,6129561
0,0,0,0,1,0,0,0,0,0,0,0,10,1,2,4045
0,0,0,0,1,0,0,0,0,0,0,0,10,2,1,506
0,0,0,0,1,0,0,0,0,0,0,0,10,2,2,2024
0,0,0,0,1,0,0,0,0,0,0,0,10,4,2,505
0,0,0,0,1,0,0,0,0,0,0,0,10,6,1,6064314
0,0,0,0,1,0,0,0,0,0,0,0,10,6,2,5979955
0,0,0,0,1,0,0,0,0,0,0,0,15,1,1,74806
0,0,0,0,1,0,0,0,0,0,0,0,15,1,2,688528
0,0,0,0,1,0,0,0,0,0,0,0,15,2,1,19719
0,0,0,0,1,0,0,0,0,0,0,0,15,2,2,67243
0,0,0,0,1,0,0,0,0,0,0,0,15,4,1,505
0,0,0,0,1,0,0,0,0,0,0,0,15,4,2,13651
0,0,0,0,1,0,0,0,0,0,0,0,15,5,1,3538
0,0,0,0,1,0,0,0,0,0,0,0,15,5,2,10108
0,0,0,0,1,0,0,0,0,0,0,0,15,6,1,5610884
0,0,0,0,1,0,0,0,0,0,0,0,15,6,2,4990057
0,0,0,0,1,0,0,0,0,0,0,0,20,1,1,1379068
0,0,0,0,1,0,0,0,0,0,0,0,20,1,2,2702571
0,0,0,0,1,0,0,0,0,0,0,0,20,2,1,122832
0,0,0,0,1,0,0,0,0,0,0,0,20,2,2,177946
0,0,0,0,1,0,0,0,0,0,0,0,20,4,1,22752
0,0,0,0,1,0,0,0,0,0,0,0,20,4,2,72303
0,0,0,0,1,0,0,0,0,0,0,0,20,5,1,35889
0,0,0,0,1,0,0,0,0,0,0,0,20,5,2,58648
0,0,0,0,1,0,0,0,0,0,0,0,20,6,1,3745451
0,0,0,0,1,0,0,0,0,0,0,0,20,6,2,2553914
0,0,0,0,1,0,0,0,0,0,0,0,25,1,1,2913368
0,0,0,0,1,0,0,0,0,0,0,0,25,1,2,3589747
0,0,0,0,1,0,0,0,0,0,0,0,25,2,1,149638
0,0,0,0,1,0,0,0,0,0,0,0,25,2,2,167335
0,0,0,0,1,0,0,0,0,0,0,0,25,4,1,49037
0,0,0,0,1,0,0,0,0,0,0,0,25,4,2,93526
0,0,0,0,1,0,0,0,0,0,0,0,25,5,1,43971
0,0,0,0,1,0,0,0,0,0,0,0,25,5,2,102626
0,0,0,0,1,0,0,0,0,0,0,0,25,6,1,1773839
0,0,0,0,1,0,0,0,0,0,0,0,25,6,2,1096995
0,0,0,0,1,0,0,0,0,0,0,0,30,1,1,3219778
0,0,0,0,1,0,0,0,0,0,0,0,30,1,2,3460843
0,0,0,0,1,0,0,0,0,0,0,0,30,2,1,157226
0,0,0,0,1,0,0,0,0,0,0,0,30,2,2,149123
0,0,0,0,1,0,0,0,0,0,0,0,30,4,1,55607
0,0,0,0,1,0,0,0,0,0,0,0,30,4,2,86438
0,0,0,0,1,0,0,0,0,0,0,0,30,5,1,62175
0,0,0,0,1,0,0,0,0,0,0,0,30,5,2,140530
0,0,0,0,1,0,0,0,0,0,0,0,30,6,1,929622
0,0,0,0,1,0,0,0,0,0,0,0,30,6,2,618279
0,0,0,0,1,0,0,0,0,0,0,0,35,1,1,3590758
0,0,0,0,1,0,0,0,0,0,0,0,35,1,2,3650468
0,0,0,0,1,0,0,0,0,0,0,0,35,2,1,157215
0,0,0,0,1,0,0,0,0,0,0,0,35,2,2,140528
0,0,0,0,1,0,0,0,0,0,0,0,35,4,1,74811
0,0,0,0,1,0,0,0,0,0,0,0,35,4,2,80882
0,0,0,0,1,0,0,0,0,0,0,0,35,5,1,109702
0,0,0,0,1,0,0,0,0,0,0,0,35,5,2,224460
0,0,0,0,1,0,0,0,0,0,0,0,35,6,1,644045
0,0,0,0,1,0,0,0,0,0,0,0,35,6,2,497438
0,0,0,0,1,0,0,0,0,0,0,0,40,1,1,3243023
0,0,0,0,1,0,0,0,0,0,0,0,40,1,2,2930543
0,0,0,0,1,0,0,0,0,0,0,0,40,2,1,148114
0,0,0,0,1,0,0,0,0,0,0,0,40,2,2,122342
0,0,0,0,1,0,0,0,0,0,0,0,40,4,1,60670
0,0,0,0,1,0,0,0,0,0,0,0,40,4,2,58141
0,0,0,0,1,0,0,0,0,0,0,0,40,5,1,126387
0,0,0,0,1,0,0,0,0,0,0,0,40,5,2,306846
0,0,0,0,1,0,0,0,0,0,0,0,40,6,1,496945
0,0,0,0,1,0,0,0,0,0,0,0,40,6,2,336150
0,0,0,0,1,0,0,0,0,0,0,0,45,1,1,2866278
0,0,0,0,1,0,0,0,0,0,0,0,45,1,2,2540717
0,0,0,0,1,0,0,0,0,0,0,0,45,2,1,146087
0,0,0,0,1,0,0,0,0,0,0,0,45,2,2,98067
0,0,0,0,1,0,0,0,0,0,0,0,45,4,1,59146
0,0,0,0,1,0,0,0,0,0,0,0,45,4,2,65219
0,0,0,0,1,0,0,0,0,0,0,0,45,5,1,159254
0,0,0,0,1,0,0,0,0,0,0,0,45,5,2,391785
0,0,0,0,1,0,0,0,0,0,0,0,45,6,1,402387
0,0,0,0,1,0,0,0,0,0,0,0,45,6,2,300770
0,0,0,0,1,0,0,0,0,0,0,0,50,1,1,2447194
0,0,0,0,1,0,0,0,0,0,0,0,50,1,2,1957373
0,0,0,0,1,0,0,0,0,0,0,0,50,2,1,101111
0,0,0,0,1,0,0,0,0,0,0,0,50,2,2,106669
0,0,0,0,1,0,0,0,0,0,0,0,50,4,1,53083
0,0,0,0,1,0,0,0,0,0,0,0,50,4,2,42466
0,0,0,0,1,0,0,0,0,0,0,0,50,5,1,188041
0,0,0,0,1,0,0,0,0,0,0,0,50,5,2,461547
0,0,0,0,1,0,0,0,0,0,0,0,50,6,1,338679
0,0,0,0,1,0,0,0,0,0,0,0,50,6,2,241136
0,0,0,0,1,0,0,0,0,0,0,0,55,1,1,1885100
0,0,0,0,1,0,0,0,0,0,0,0,55,1,2,1461453
0,0,0,0,1,0,0,0,0,0,0,0,55,2,1,89988
0,0,0,0,1,0,0,0,0,0,0,0,55,2,2,76847
0,0,0,0,1,0,0,0,0,0,0,0,55,4,1,38922
0,0,0,0,1,0,0,0,0,0,0,0,55,4,2,28312
0,0,0,0,1,0,0,0,0,0,0,0,55,5,1,186531
0,0,0,0,1,0,0,0,0,0,0,0,55,5,2,544447
0,0,0,0,1,0,0,0,0,0,0,0,55,6,1,233536
0,0,0,0,1,0,0,0,0,0,0,0,55,6,2,187555
0,0,0,0,1,0,0,0,0,0,0,0,60,1,1,1414447
0,0,0,0,1,0,0,0,0,0,0,0,60,1,2,970628
0,0,0,0,1,0,0,0,0,0,0,0,60,2,1,70273
0,0,0,0,1,0,0,0,0,0,0,0,60,2,2,62683
0,0,0,0,1,0,0,0,0,0,0,0,60,4,1,30335
0,0,0,0,1,0,0,0,0,0,0,0,60,4,2,16684
0,0,0,0,1,0,0,0,0,0,0,0,60,5,1,242162
0,0,0,0,1,0,0,0,0,0,0,0,60,5,2,581363
0,0,0,0,1,0,0,0,0,0,0,0,60,6,1,170347
0,0,0,0,1,0,0,0,0,0,0,0,60,6,2,152157
0,0,0,0,1,0,0,0,0,0,0,0,65,1,1,954439
0,0,0,0,1,0,0,0,0,0,0,0,65,1,2,577818
0,0,0,0,1,0,0,0,0,0,0,0,65,2,1,61686
0,0,0,0,1,0,0,0,0,0,0,0,65,2,2,41461
0,0,0,0,1,0,0,0,0,0,0,0,65,4,1,17694
0,0,0,0,1,0,0,0,0,0,0,0,65,4,2,7584
0,0,0,0,1,0,0,0,0,0,0,0,65,5,1,233039
0,0,0,0,1,0,0,0,0,0,0,0,65,5,2,567715
0,0,0,0,1,0,0,0,0,0,0,0,65,6,1,130417
0,0,0,0,1,0,0,0,0,0,0,0,65,6,2,112734
0,0,0,0,1,0,0,0,0,0,0,0,70,1,1,560621
0,0,0,0,1,0,0,0,0,0,0,0,70,1,2,304319
0,0,0,0,1,0,0,0,0,0,0,0,70,2,1,31847
0,0,0,0,1,0,0,0,0,0,0,0,70,2,2,33358
0,0,0,0,1,0,0,0,0,0,0,0,70,4,1,7079
0,0,0,0,1,0,0,0,0,0,0,0,70,4,2,6067
0,0,0,0,1,0,0,0,0,0,0,0,70,5,1,242658
0,0,0,0,1,0,0,0,0,0,0,0,70,5,2,500974
0,0,0,0,1,0,0,0,0,0,0,0,70,6,1,76840
0,0,0,0,1,0,0,0,0,0,0,0,70,6,2,73791
0,0,0,0,1,0,0,0,0,0,0,0,75,1,1,281575
0,0,0,0,1,0,0,0,0,0,0,0,75,1,2,95044
0,0,0,0,1,0,0,0,0,0,0,0,75,2,1,20727
0,0,0,0,1,0,0,0,0,0,0,0,75,2,2,21737
0,0,0,0,1,0,0,0,0,0,0,0,75,4,1,8091
0,0,0,0,1,0,0,0,0,0,0,0,75,4,2,2525
0,0,0,0,1,0,0,0,0,0,0,0,75,5,1,190088
0,0,0,0,1,0,0,0,0,0,0,0,75,5,2,356393
0,0,0,0,1,0,0,0,0,0,0,0,75,6,1,35894
0,0,0,0,1,0,0,0,0,0,0,0,75,6,2,47017
0,0,0,0,1,0,0,0,0,0,0,0,80,1,1,111226
0,0,0,0,1,0,0,0,0,0,0,0,80,1,2,36399
0,0,0,0,1,0,0,0,0,0,0,0,80,2,1,13147
0,0,0,0,1,0,0,0,0,0,0,0,80,2,2,11117
0,0,0,0,1,0,0,0,0,0,0,0,80,4,1,1011
0,0,0,0,1,0,0,0,0,0,0,0,80,4,2,505
0,0,0,0,1,0,0,0,0,0,0,0,80,5,1,102621
0,0,0,0,1,0,0,0,0,0,0,0,80,5,2,215338
0,0,0,0,1,0,0,0,0,0,0,0,80,6,1,18703
0,0,0,0,1,0,0,0,0,0,0,0,80,6,2,20220
0,0,0,0,1,0,0,0,0,0,0,0,85,1,1,32863
0,0,0,0,1,0,0,0,0,0,0,0,85,1,2,10116
0,0,0,0,1,0,0,0,0,0,0,0,85,2,1,5056
0,0,0,0,1,0,0,0,0,0,0,0,85,2,2,6066
0,0,0,0,1,0,0,0,0,0,0,0,85,4,1,1011
0,0,0,0,1,0,0,0,0,0,0,0,85,4,2,505
0,0,0,0,1,0,0,0,0,0,0,0,85,5,1,41958
0,0,0,0,1,0,0,0,0,0,0,0,85,5,2,84433
0,0,0,0,1,0,0,0,0,0,0,0,85,6,1,8090
0,0,0,0,1,0,0,0,0,0,0,0,85,6,2,8090
0,0,0,0,1,0,0,0,0,0,0,0,90,1,1,6573
0,0,0,0,1,0,0,0,0,0,0,0,90,1,2,505
0,0,0,0,1,0,0,0,0,0,0,0,90,2,1,1011
0,0,0,0,1,0,0,0,0,0,0,0,90,2,2,2021
0,0,0,0,1,0,0,0,0,0,0,0,90,5,1,18710
0,0,0,0,1,0,0,0,0,0,0,0,90,5,2,38934
0,0,0,0,1,0,0,0,0,0,0,0,90,6,1,4044
0,0,0,0,1,0,0,0,0,0,0,0,90,6,2,2023
0,0,0,0,0,1,0,0,0,0,0,0,0,6,1,5294628
0,0,0,0,0,1,0,0,0,0,0,0,0,6,2,5124653
0,0,0,0,0,1,0,0,0,0,0,0,5,6,1,5468378
0,0,0,0,0,1,0,0,0,0,0,0,5,6,2,5359099
0,0,0,0,0,1,0,0,0,0,0,0,10,1,1,997
0,0,0,0,0,1,0,0,0,0,0,0,10,1,2,4716
0,0,0,0,0,1,0,0,0,0,0,0,10,2,1,2313
0,0,0,0,0,1,0,0,0,0,0,0,10,2,2,1777
0,0,0,0,0,1,0,0,0,0,0,0,10,4,1,303
0,0,0,0,0,1,0,0,0,0,0,0,10,4,2,303
0,0,0,0,0,1,0,0,0,0,0,0,10,5,1,404
0,0,0,0,0,1,0,0,0,0,0,0,10,5,2,707
0,0,0,0,0,1,0,0,0,0,0,0,10,6,1,5956399
0,0,0,0,0,1,0,0,0,0,0,0,10,6,2,5861029
0,0,0,0,0,1,0,0,0,0,0,0,15,1,1,81996
0,0,0,0,0,1,0,0,0,0,0,0,15,1,2,647208
0,0,0,0,0,1,0,0,0,0,0,0,15,2,1,30981
0,0,0,0,0,1,0,0,0,0,0,0,15,2,2,74576
0,0,0,0,0,1,0,0,0,0,0,0,15,4,1,2709
0,0,0,0,0,1,0,0,0,0,0,0,15,4,2,11296
0,0,0,0,0,1,0,0,0,0,0,0,15,5,1,4432
0,0,0,0,0,1,0,0,0,0,0,0,15,5,2,10037
0,0,0,0,0,1,0,0,0,0,0,0,15,6,1,6044991
0,0,0,0,0,1,0,0,0,0,0,0,15,6,2,5450584
0,0,0,0,0,1,0,0,0,0,0,0,20,1,1,1445029
0,0,0,0,0,1,0,0,0,0,0,0,20,1,2,2822376
0,0,0,0,0,1,0,0,0,0,0,0,20,2,1,137453
0,0,0,0,0,1,0,0,0,0,0,0,20,2,2,221279
0,0,0,0,0,1,0,0,0,0,0,0,20,4,1,21948
0,0,0,0,0,1,0,0,0,0,0,0,20,4,2,57936
0,0,0,0,0,1,0,0,0,0,0,0,20,5,1,12415
0,0,0,0,0,1,0,0,0,0,0,0,20,5,2,37052
0,0,0,0,0,1,0,0,0,0,0,0,20,6,1,4065569
0,0,0,0,0,1,0,0,0,0,0,0,20,6,2,2757359
0,0,0,0,0,1,0,0,0,0,0,0,25,1,1,3202770
0,0,0,0,0,1,0,0,0,0,0,0,25,1,2,3961990
0,0,0,0,0,1,0,0,0,0,0,0,25,2,1,215048
0,0,0,0,0,1,0,0,0,0,0,0,25,2,2,254159
0,0,0,0,0,1,0,0,0,0,0,0,25,4,1,46222
0,0,0,0,0,1,0,0,0,0,0,0,25,4,2,104139
0,0,0,0,0,1,0,0,0,0,0,0,25,5,1,22766
0,0,0,0,0,1,0,0,0,0,0,0,25,5,2,76650
0,0,0,0,0,1,0,0,0,0,0,0,25,6,1,1951360
0,0,0,0,0,1,0,0,0,0,0,0,25,6,2,1267306
0,0,0,0,0,1,0,0,0,0,0,0,30,1,1,3676795
0,0,0,0,0,1,0,0,0,0,0,0,30,1,2,3921685
0,0,0,0,0,1,0,0,0,0,0,0,30,2,1,208159
0,0,0,0,0,1,0,0,0,0,0,0,30,2,2,237705
0,0,0,0,0,1,0,0,0,0,0,0,30,4,1,66557
0,0,0,0,0,1,0,0,0,0,0,0,30,4,2,132844
0,0,0,0,0,1,0,0,0,0,0,0,30,5,1,39604
0,0,0,0,0,1,0,0,0,0,0,0,30,5,2,137439
0,0,0,0,0,1,0,0,0,0,0,0,30,6,1,1048933
0,0,0,0,0,1,0,0,0,0,0,0,30,6,2,741849
0,0,0,0,0,1,0,0,0,0,0,0,35,1,1,3664650
0,0,0,0,0,1,0,0,0,0,0,0,35,1,2,3678497
0,0,0,0,0,1,0,0,0,0,0,0,35,2,1,218781
0,0,0,0,0,1,0,0,0,0,0,0,35,2,2,234953
0,0,0,0,0,1,0,0,0,0,0,0,35,4,1,72861
0,0,0,0,0,1,0,0,0,0,0,0,35,4,2,128160
0,0,0,0,0,1,0,0,0,0,0,0,35,5,1,63251
0,0,0,0,0,1,0,0,0,0,0,0,35,5,2,219486
0,0,0,0,0,1,0,0,0,0,0,0,35,6,1,705261
0,0,0,0,0,1,0,0,0,0,0,0,35,6,2,530713
0,0,0,0,0,1,0,0,0,0,0,0,40,1,1,3488598
0,0,0,0,0,1,0,0,0,0,0,0,40,1,2,3357317
0,0,0,0,0,1,0,0,0,0,0,0,40,2,1,219353
0,0,0,0,0,1,0,0,0,0,0,0,40,2,2,201838
0,0,0,0,0,1,0,0,0,0,0,0,40,4,1,89271
0,0,0,0,0,1,0,0,0,0,0,0,40,4,2,110618
0,0,0,0,0,1,0,0,0,0,0,0,40,5,1,97694
0,0,0,0,0,1,0,0,0,0,0,0,40,5,2,314912
0,0,0,0,0,1,0,0,0,0,0,0,40,6,1,542476
0,0,0,0,0,1,0,0,0,0,0,0,40,6,2,409376
0,0,0,0,0,1,0,0,0,0,0,0,45,1,1,3291142
0,0,0,0,0,1,0,0,0,0,0,0,45,1,2,2997763
0,0,0,0,0,1,0,0,0,0,0,0,45,2,1,211756
0,0,0,0,0,1,0,0,0,0,0,0,45,2,2,189332
0,0,0,0,0,1,0,0,0,0,0,0,45,4,1,79769
0,0,0,0,0,1,0,0,0,0,0,0,45,4,2,92110
0,0,0,0,0,1,0,0,0,0,0,0,45,5,1,136501
0,0,0,0,0,1,0,0,0,0,0,0,45,5,2,424233
0,0,0,0,0,1,0,0,0,0,0,0,45,6,1,471019
0,0,0,0,0,1,0,0,0,0,0,0,45,6,2,346852
0,0,0,0,0,1,0,0,0,0,0,0,50,1,1,2912817
0,0,0,0,0,1,0,0,0,0,0,0,50,1,2,2432446
0,0,0,0,0,1,0,0,0,0,0,0,50,2,1,191267
0,0,0,0,0,1,0,0,0,0,0,0,50,2,2,155978
0,0,0,0,0,1,0,0,0,0,0,0,50,4,1,74722
0,0,0,0,0,1,0,0,0,0,0,0,50,4,2,69343
0,0,0,0,0,1,0,0,0,0,0,0,50,5,1,193821
0,0,0,0,0,1,0,0,0,0,0,0,50,5,2,539398
0,0,0,0,0,1,0,0,0,0,0,0,50,6,1,413108
0,0,0,0,0,1,0,0,0,0,0,0,50,6,2,291231
0,0,0,0,0,1,0,0,0,0,0,0,55,1,1,2232604
0,0,0,0,0,1,0,0,0,0,0,0,55,1,2,1775311
0,0,0,0,0,1,0,0,0,0,0,0,55,2,1,150287
0,0,0,0,0,1,0,0,0,0,0,0,55,2,2,115257
0,0,0,0,0,1,0,0,0,0,0,0,55,4,1,55693
0,0,0,0,0,1,0,0,0,0,0,0,55,4,2,50555
0,0,0,0,0,1,0,0,0,0,0,0,55,5,1,220765
0,0,0,0,0,1,0,0,0,0,0,0,55,5,2,627506
0,0,0,0,0,1,0,0,0,0,0,0,55,6,1,312720
0,0,0,0,0,1,0,0,0,0,0,0,55,6,2,241371
0,0,0,0,0,1,0,0,0,0,0,0,60,1,1,1699728
0,0,0,0,0,1,0,0,0,0,0,0,60,1,2,1273674
0,0,0,0,0,1,0,0,0,0,0,0,60,2,1,108239
0,0,0,0,0,1,0,0,0,0,0,0,60,2,2,85715
0,0,0,0,0,1,0,0,0,0,0,0,60,4,1,38770
0,0,0,0,0,1,0,0,0,0,0,0,60,4,2,31683
0,0,0,0,0,1,0,0,0,0,0,0,60,5,1,275792
0,0,0,0,0,1,0,0,0,0,0,0,60,5,2,707344
0,0,0,0,0,1,0,0,0,0,0,0,60,6,1,247703
0,0,0,0,0,1,0,0,0,0,0,0,60,6,2,219374
0,0,0,0,0,1,0,0,0,0,0,0,65,1,1,1285825
0,0,0,0,0,1,0,0,0,0,0,0,65,1,2,830540
0,0,0,0,0,1,0,0,0,0,0,0,65,2,1,88693
0,0,0,0,0,1,0,0,0,0,0,0,65,2,2,62875
0,0,0,0,0,1,0,0,0,0,0,0,65,4,1,31005
0,0,0,0,0,1,0,0,0,0,0,0,65,4,2,20438
0,0,0,0,0,1,0,0,0,0,0,0,65,5,1,303145
0,0,0,0,0,1,0,0,0,0,0,0,65,5,2,812726
0,0,0,0,0,1,0,0,0,0,0,0,65,6,1,189010
0,0,0,0,0,1,0,0,0,0,0,0,65,6,2,184538
0,0,0,0,0,1,0,0,0,0,0,0,70,1,1,778233
0,0,0,0,0,1,0,0,0,0,0,0,70,1,2,408277
0,0,0,0,0,1,0,0,0,0,0,0,70,2,1,55269
0,0,0,0,0,1,0,0,0,0,0,0,70,2,2,32712
0,0,0,0,0,1,0,0,0,0,0,0,70,4,1,16450
0,0,0,0,0,1,0,0,0,0,0,0,70,4,2,11072
0,0,0,0,0,1,0,0,0,0,0,0,70,5,1,303522
0,0,0,0,0,1,0,0,0,0,0,0,70,5,2,711987
0,0,0,0,0,1,0,0,0,0,0,0,70,6,1,126549
0,0,0,0,0,1,0,0,0,0,0,0,70,6,2,123663
0,0,0,0,0,1,0,0,0,0,0,0,75,1,1,370945
0,0,0,0,0,1,0,0,0,0,0,0,75,1,2,161517
0,0,0,0,0,1,0,0,0,0,0,0,75,2,1,32065
0,0,0,0,0,1,0,0,0,0,0,0,75,2,2,19491
0,0,0,0,0,1,0,0,0,0,0,0,75,4,1,7472
0,0,0,0,0,1,0,0,0,0,0,0,75,4,2,4321
0,0,0,0,0,1,0,0,0,0,0,0,75,5,1,234860
0,0,0,0,0,1,0,0,0,0,0,0,75,5,2,512908
0,0,0,0,0,1,0,0,0,0,0,0,75,6,1,68533
0,0,0,0,0,1,0,0,0,0,0,0,75,6,2,66678
0,0,0,0,0,1,0,0,0,0,0,0,80,1,1,152792
0,0,0,0,0,1,0,0,0,0,0,0,80,1,2,50974
0,0,0,0,0,1,0,0,0,0,0,0,80,2,1,15370
0,0,0,0,0,1,0,0,0,0,0,0,80,2,2,8367
0,0,0,0,0,1,0,0,0,0,0,0,80,4,1,3072
0,0,0,0,0,1,0,0,0,0,0,0,80,4,2,1590
0,0,0,0,0,1,0,0,0,0,0,0,80,5,1,156014
0,0,0,0,0,1,0,0,0,0,0,0,80,5,2,315880
0,0,0,0,0,1,0,0,0,0,0,0,80,6,1,32170
0,0,0,0,0,1,0,0,0,0,0,0,80,6,2,37950
0,0,0,0,0,1,0,0,0,0,0,0,85,1,1,40816
0,0,0,0,0,1,0,0,0,0,0,0,85,1,2,9203
0,0,0,0,0,1,0,0,0,0,0,0,85,2,1,5988
0,0,0,0,0,1,0,0,0,0,0,0,85,2,2,3232
0,0,0,0,0,1,0,0,0,0,0,0,85,4,1,694
0,0,0,0,0,1,0,0,0,0,0,0,85,4,2,505
0,0,0,0,0,1,0,0,0,0,0,0,85,5,1,68087
0,0,0,0,0,1,0,0,0,0,0,0,85,5,2,127335
0,0,0,0,0,1,0,0,0,0,0,0,85,6,1,11718
0,0,0,0,0,1,0,0,0,0,0,0,85,6,2,11856
0,0,0,0,0,1,0,0,0,0,0,0,90,1,1,9818
0,0,0,0,0,1,0,0,0,0,0,0,90,1,2,2061
0,0,0,0,0,1,0,0,0,0,0,0,90,2,1,1277
0,0,0,0,0,1,0,0,0,0,0,0,90,2,2,1566
0,0,0,0,0,1,0,0,0,0,0,0,90,4,1,505
0,0,0,0,0,1,0,0,0,0,0,0,90,4,2,202
0,0,0,0,0,1,0,0,0,0,0,0,90,5,1,25429
0,0,0,0,0,1,0,0,0,0,0,0,90,5,2,48024
0,0,0,0,0,1,0,0,0,0,0,0,90,6,1,5234
0,0,0,0,0,1,0,0,0,0,0,0,90,6,2,6266
0,0,0,0,0,0,1,0,0,0,0,0,0,6,1,8211806
0,0,0,0,0,0,1,0,0,0,0,0,0,6,2,7862267
0,0,0,0,0,0,1,0,0,0,0,0,5,6,1,6706601
0,0,0,0,0,0,1,0,0,0,0,0,5,6,2,6450863
0,0,0,0,0,0,1,0,0,0,0,0,10,1,1,576
0,0,0,0,0,0,1,0,0,0,0,0,10,1,2,3944
0,0,0,0,0,0,1,0,0,0,0,0,10,2,1,6542
0,0,0,0,0,0,1,0,0,0,0,0,10,2,2,6299
0,0,0,0,0,0,1,0,0,0,0,0,10,3,1,929
0,0,0,0,0,0,1,0,0,0,0,0,10,3,2,792
0,0,0,0,0,0,1,0,0,0,0,0,10,4,1,707
0,0,0,0,0,0,1,0,0,0,0,0,10,4,2,726
0,0,0,0,0,0,1,0,0,0,0,0,10,5,1,1786
0,0,0,0,0,0,1,0,0,0,0,0,10,5,2,2201
0,0,0,0,0,0,1,0,0,0,0,0,10,6,1,5619204
0,0,0,0,0,0,1,0,0,0,0,0,10,6,2,5416873
0,0,0,0,0,0,1,0,0,0,0,0,15,1,1,123617
0,0,0,0,0,0,1,0,0,0,0,0,15,1,2,814627
0,0,0,0,0,0,1,0,0,0,0,0,15,2,1,47549
0,0,0,0,0,0,1,0,0,0,0,0,15,2,2,84131
0,0,0,0,0,0,1,0,0,0,0,0,15,3,1,11961
0,0,0,0,0,0,1,0,0,0,0,0,15,3,2,45429
0,0,0,0,0,0,1,0,0,0,0,0,15,4,1,9490
0,0,0,0,0,0,1,0,0,0,0,0,15,4,2,20810
0,0,0,0,0,0,1,0,0,0,0,0,15,5,1,7949
0,0,0,0,0,0,1,0,0,0,0,0,15,5,2,12527
0,0,0,0,0,0,1,0,0,0,0,0,15,6,1,5063563
0,0,0,0,0,0,1,0,0,0,0,0,15,6,2,4311218
0,0,0,0,0,0,1,0,0,0,0,0,20,1,1,2060708
0,0,0,0,0,0,1,0,0,0,0,0,20,1,2,3581812
0,0,0,0,0,0,1,0,0,0,0,0,20,2,1,149502
0,0,0,0,0,0,1,0,0,0,0,0,20,2,2,170386
0,0,0,0,0,0,1,0,0,0,0,0,20,3,1,65163
0,0,0,0,0,0,1,0,0,0,0,0,20,3,2,133070
0,0,0,0,0,0,1,0,0,0,0,0,20,4,1,52401
0,0,0,0,0,0,1,0,0,0,0,0,20,4,2,96781
0,0,0,0,0,0,1,0,0,0,0,0,20,5,1,11039
0,0,0,0,0,0,1,0,0,0,0,0,20,5,2,30918
0,0,0,0,0,0,1,0,0,0,0,0,20,6,1,3234495
0,0,0,0,0,0,1,0,0,0,0,0,20,6,2,1841260
0,0,0,0,0,0,1,0,0,0,0,0,25,1,1,4180884
0,0,0,0,0,0,1,0,0,0,0,0,25,1,2,4961746
0,0,0,0,0,0,1,0,0,0,0,0,25,2,1,213126
0,0,0,0,0,0,1,0,0,0,0,0,25,2,2,168810
0,0,0,0,0,0,1,0,0,0,0,0,25,3,1,94588
0,0,0,0,0,0,1,0,0,0,0,0,25,3,2,158149
0,0,0,0,0,0,1,0,0,0,0,0,25,4,1,98808
0,0,0,0,0,0,1,0,0,0,0,0,25,4,2,162514
0,0,0,0,0,0,1,0,0,0,0,0,25,5,1,17545
0,0,0,0,0,0,1,0,0,0,0,0,25,5,2,53822
0,0,0,0,0,0,1,0,0,0,0,0,25,6,1,1402303
0,0,0,0,0,0,1,0,0,0,0,0,25,6,2,812291
0,0,0,0,0,0,1,0,0,0,0,0,30,1,1,4527153
0,0,0,0,0,0,1,0,0,0,0,0,30,1,2,4807041
0,0,0,0,0,0,1,0,0,0,0,0,30,2,1,186357
0,0,0,0,0,0,1,0,0,0,0,0,30,2,2,128245
0,0,0,0,0,0,1,0,0,0,0,0,30,3,1,88364
0,0,0,0,0,0,1,0,0,0,0,0,30,3,2,150738
0,0,0,0,0,0,1,0,0,0,0,0,30,4,1,116377
0,0,0,0,0,0,1,0,0,0,0,0,30,4,2,179399
0,0,0,0,0,0,1,0,0,0,0,0,30,5,1,20659
0,0,0,0,0,0,1,0,0,0,0,0,30,5,2,96607
0,0,0,0,0,0,1,0,0,0,0,0,30,6,1,737112
0,0,0,0,0,0,1,0,0,0,0,0,30,6,2,533148
0,0,0,0,0,0,1,0,0,0,0,0,35,1,1,4543830
0,0,0,0,0,0,1,0,0,0,0,0,35,1,2,4606549
0,0,0,0,0,0,1,0,0,0,0,0,35,2,1,171990
0,0,0,0,0,0,1,0,0,0,0,0,35,2,2,119245
0,0,0,0,0,0,1,0,0,0,0,0,35,3,1,100880
0,0,0,0,0,0,1,0,0,0,0,0,35,3,2,159418
0,0,0,0,0,0,1,0,0,0,0,0,35,4,1,127597
0,0,0,0,0,0,1,0,0,0,0,0,35,4,2,192843
0,0,0,0,0,0,1,0,0,0,0,0,35,5,1,35230
0,0,0,0,0,0,1,0,0,0,0,0,35,5,2,163771
0,0,0,0,0,0,1,0,0,0,0,0,35,6,1,531837
0,0,0,0,0,0,1,0,0,0,0,0,35,6,2,454435
0,0,0,0,0,0,1,0,0,0,0,0,40,1,1,4171377
0,0,0,0,0,0,1,0,0,0,0,0,40,1,2,4051522
0,0,0,0,0,0,1,0,0,0,0,0,40,2,1,161012
0,0,0,0,0,0,1,0,0,0,0,0,40,2,2,129464
0,0,0,0,0,0,1,0,0,0,0,0,40,3,1,99745
0,0,0,0,0,0,1,0,0,0,0,0,40,3,2,136607
0,0,0,0,0,0,1,0,0,0,0,0,40,4,1,131557
0,0,0,0,0,0,1,0,0,0,0,0,40,4,2,201409
0,0,0,0,0,0,1,0,0,0,0,0,40,5,1,60428
0,0,0,0,0,0,1,0,0,0,0,0,40,5,2,268211
0,0,0,0,0,0,1,0,0,0,0,0,40,6,1,452866
0,0,0,0,0,0,1,0,0,0,0,0,40,6,2,412011
0,0,0,0,0,0,1,0,0,0,0,0,45,1,1,3693823
0,0,0,0,0,0,1,0,0,0,0,0,45,1,2,3440397
0,0,0,0,0,0,1,0,0,0,0,0,45,2,1,144040
0,0,0,0,0,0,1,0,0,0,0,0,45,2,2,106491
0,0,0,0,0,0,1,0,0,0,0,0,45,3,1,95866
0,0,0,0,0,0,1,0,0,0,0,0,45,3,2,115431
0,0,0,0,0,0,1,0,0,0,0,0,45,4,1,126542
0,0,0,0,0,0,1,0,0,0,0,0,45,4,2,168750
0,0,0,0,0,0,1,0,0,0,0,0,45,5,1,96972
0,0,0,0,0,0,1,0,0,0,0,0,45,5,2,410583
0,0,0,0,0,0,1,0,0,0,0,0,45,6,1,375934
0,0,0,0,0,0,1,0,0,0,0,0,45,6,2,354190
0,0,0,0,0,0,1,0,0,0,0,0,50,1,1,3333434
0,0,0,0,0,0,1,0,0,0,0,0,50,1,2,2913329
0,0,0,0,0,0,1,0,0,0,0,0,50,2,1,151063
0,0,0,0,0,0,1,0,0,0,0,0,50,2,2,106216
0,0,0,0,0,0,1,0,0,0,0,0,50,3,1,87584
0,0,0,0,0,0,1,0,0,0,0,0,50,3,2,98166
0,0,0,0,0,0,1,0,0,0,0,0,50,4,1,118309
0,0,0,0,0,0,1,0,0,0,0,0,50,4,2,138079
0,0,0,0,0,0,1,0,0,0,0,0,50,5,1,158527
0,0,0,0,0,0,1,0,0,0,0,0,50,5,2,588696
0,0,0,0,0,0,1,0,0,0,0,0,50,6,1,350247
0,0,0,0,0,0,1,0,0,0,0,0,50,6,2,302809
0,0,0,0,0,0,1,0,0,0,0,0,55,1,1,2870201
0,0,0,0,0,0,1,0,0,0,0,0,55,1,2,2332697
0,0,0,0,0,0,1,0,0,0,0,0,55,2,1,101832
0,0,0,0,0,0,1,0,0,0,0,0,55,2,2,68285
0,0,0,0,0,0,1,0,0,0,0,0,55,3,1,69492
0,0,0,0,0,0,1,0,0,0,0,0,55,3,2,66681
0,0,0,0,0,0,1,0,0,0,0,0,55,4,1,108429
0,0,0,0,0,0,1,0,0,0,0,0,55,4,2,99238
0,0,0,0,0,0,1,0,0,0,0,0,55,5,1,210578
0,0,0,0,0,0,1,0,0,0,0,0,55,5,2,757106
0,0,0,0,0,0,1,0,0,0,0,0,55,6,1,306819
0,0,0,0,0,0,1,0,0,0,0,0,55,6,2,271151
0,0,0,0,0,0,1,0,0,0,0,0,60,1,1,2259784
0,0,0,0,0,0,1,0,0,0,0,0,60,1,2,1691091
0,0,0,0,0,0,1,0,0,0,0,0,60,2,1,98350
0,0,0,0,0,0,1,0,0,0,0,0,60,2,2,62422
0,0,0,0,0,0,1,0,0,0,0,0,60,3,1,62751
0,0,0,0,0,0,1,0,0,0,0,0,60,3,2,49494
0,0,0,0,0,0,1,0,0,0,0,0,60,4,1,81150
0,0,0,0,0,0,1,0,0,0,0,0,60,4,2,63754
0,0,0,0,0,0,1,0,0,0,0,0,60,5,1,276401
0,0,0,0,0,0,1,0,0,0,0,0,60,5,2,899735
0,0,0,0,0,0,1,0,0,0,0,0,60,6,1,256602
0,0,0,0,0,0,1,0,0,0,0,0,60,6,2,243272
0,0,0,0,0,0,1,0,0,0,0,0,65,1,1,1676163
0,0,0,0,0,0,1,0,0,0,0,0,65,1,2,1158322
0,0,0,0,0,0,1,0,0,0,0,0,65,2,1,74115
0,0,0,0,0,0,1,0,0,0,0,0,65,2,2,43072
0,0,0,0,0,0,1,0,0,0,0,0,65,3,1,45571
0,0,0,0,0,0,1,0,0,0,0,0,65,3,2,36822
0,0,0,0,0,0,1,0,0,0,0,0,65,4,1,55658
0,0,0,0,0,0,1,0,0,0,0,0,65,4,2,39023
0,0,0,0,0,0,1,0,0,0,0,0,65,5,1,361433
0,0,0,0,0,0,1,0,0,0,0,0,65,5,2,1061159
0,0,0,0,0,0,1,0,0,0,0,0,65,6,1,208294
0,0,0,0,0,0,1,0,0,0,0,0,65,6,2,209852
0,0,0,0,0,0,1,0,0,0,0,0,70,1,1,1022098
0,0,0,0,0,0,1,0,0,0,0,0,70,1,2,611082
0,0,0,0,0,0,1,0,0,0,0,0,70,2,1,47623
0,0,0,0,0,0,1,0,0,0,0,0,70,2,2,32112
0,0,0,0,0,0,1,0,0,0,0,0,70,3,1,28096
0,0,0,0,0,0,1,0,0,0,0,0,70,3,2,15094
0,0,0,0,0,0,1,0,0,0,0,0,70,4,1,26553
0,0,0,0,0,0,1,0,0,0,0,0,70,4,2,19378
0,0,0,0,0,0,1,0,0,0,0,0,70,5,1,368003
0,0,0,0,0,0,1,0,0,0,0,0,70,5,2,948956
0,0,0,0,0,0,1,0,0,0,0,0,70,6,1,135547
0,0,0,0,0,0,1,0,0,0,0,0,70,6,2,160209
0,0,0,0,0,0,1,0,0,0,0,0,75,1,1,567210
0,0,0,0,0,0,1,0,0,0,0,0,75,1,2,260116
0,0,0,0,0,0,1,0,0,0,0,0,75,2,1,25162
0,0,0,0,0,0,1,0,0,0,0,0,75,2,2,20353
0,0,0,0,0,0,1,0,0,0,0,0,75,3,1,14490
0,0,0,0,0,0,1,0,0,0,0,0,75,3,2,5595
0,0,0,0,0,0,1,0,0,0,0,0,75,4,1,15275
0,0,0,0,0,0,1,0,0,0,0,0,75,4,2,7453
0,0,0,0,0,0,1,0,0,0,0,0,75,5,1,308783
0,0,0,0,0,0,1,0,0,0,0,0,75,5,2,747037
0,0,0,0,0,0,1,0,0,0,0,0,75,6,1,75610
0,0,0,0,0,0,1,0,0,0,0,0,75,6,2,107915
0,0,0,0,0,0,1,0,0,0,0,0,80,1,1,228375
0,0,0,0,0,0,1,0,0,0,0,0,80,1,2,80068
0,0,0,0,0,0,1,0,0,0,0,0,80,2,1,14931
0,0,0,0,0,0,1,0,0,0,0,0,80,2,2,10922
0,0,0,0,0,0,1,0,0,0,0,0,80,3,1,6294
0,0,0,0,0,0,1,0,0,0,0,0,80,3,2,2306
0,0,0,0,0,0,1,0,0,0,0,0,80,4,1,8252
0,0,0,0,0,0,1,0,0,0,0,0,80,4,2,3353
0,0,0,0,0,0,1,0,0,0,0,0,80,5,1,222548
0,0,0,0,0,0,1,0,0,0,0,0,80,5,2,486169
0,0,0,0,0,0,1,0,0,0,0,0,80,6,1,31327
0,0,0,0,0,0,1,0,0,0,0,0,80,6,2,54899
0,0,0,0,0,0,1,0,0,0,0,0,85,1,1,60586
0,0,0,0,0,0,1,0,0,0,0,0,85,1,2,14657
0,0,0,0,0,0,1,0,0,0,0,0,85,2,1,3132
0,0,0,0,0,0,1,0,0,0,0,0,85,2,2,4775
0,0,0,0,0,0,1,0,0,0,0,0,85,3,1,1602
0,0,0,0,0,0,1,0,0,0,0,0,85,3,2,1217
0,0,0,0,0,0,1,0,0,0,0,0,85,4,1,1170
0,0,0,0,0,0,1,0,0,0,0,0,85,4,2,491
0,0,0,0,0,0,1,0,0,0,0,0,85,5,1,106686
0,0,0,0,0,0,1,0,0,0,0,0,85,5,2,200986
0,0,0,0,0,0,1,0,0,0,0,0,85,6,1,9645
0,0,0,0,0,0,1,0,0,0,0,0,85,6,2,20672
0,0,0,0,0,0,1,0,0,0,0,0,90,1,1,11615
0,0,0,0,0,0,1,0,0,0,0,0,90,1,2,2434
0,0,0,0,0,0,1,0,0,0,0,0,90,2,1,1802
0,0,0,0,0,0,1,0,0,0,0,0,90,2,2,1286
0,0,0,0,0,0,1,0,0,0,0,0,90,3,1,687
0,0,0,0,0,0,1,0,0,0,0,0,90,4,1,596
0,0,0,0,0,0,1,0,0,0,0,0,90,4,2,327
0,0,0,0,0,0,1,0,0,0,0,0,90,5,1,36949
0,0,0,0,0,0,1,0,0,0,0,0,90,5,2,76892
0,0,0,0,0,0,1,0,0,0,0,0,90,6,1,3187
0,0,0,0,0,0,1,0,0,0,0,0,90,6,2,9827
0,0,0,0,0,0,0,1,0,0,0,0,0,6,1,10374975
0,0,0,0,0,0,0,1,0,0,0,0,0,6,2,10146999
0,0,0,0,0,0,0,1,0,0,0,0,5,6,1,9495503
0,0,0,0,0,0,0,1,0,0,0,0,5,6,2,9250741
0,0,0,0,0,0,0,1,0,0,0,0,10,1,1,1696
0,0,0,0,0,0,0,1,0,0,0,0,10,1,2,5680
0,0,0,0,0,0,0,1,0,0,0,0,10,2,1,5376
0,0,0,0,0,0,0,1,0,0,0,0,10,2,2,5978
0,0,0,0,0,0,0,1,0,0,0,0,10,3,1,997
0,0,0,0,0,0,0,1,0,0,0,0,10,3,2,598
0,0,0,0,0,0,0,1,0,0,0,0,10,4,1,200
0,0,0,0,0,0,0,1,0,0,0,0,10,4,2,297
0,0,0,0,0,0,0,1,0,0,0,0,10,5,2,497
0,0,0,0,0,0,0,1,0,0,0,0,10,6,1,8555431
0,0,0,0,0,0,0,1,0,0,0,0,10,6,2,8297714
0,0,0,0,0,0,0,1,0,0,0,0,15,1,1,195859
0,0,0,0,0,0,0,1,0,0,0,0,15,1,2,901974
0,0,0,0,0,0,0,1,0,0,0,0,15,2,1,48012
0,0,0,0,0,0,0,1,0,0,0,0,15,2,2,107296
0,0,0,0,0,0,0,1,0,0,0,0,15,3,1,10461
0,0,0,0,0,0,0,1,0,0,0,0,15,3,2,43229
0,0,0,0,0,0,0,1,0,0,0,0,15,4,1,6773
0,0,0,0,0,0,0,1,0,0,0,0,15,4,2,23214
0,0,0,0,0,0,0,1,0,0,0,0,15,5,1,1491
0,0,0,0,0,0,0,1,0,0,0,0,15,5,2,5482
0,0,0,0,0,0,0,1,0,0,0,0,15,6,1,6358306
0,0,0,0,0,0,0,1,0,0,0,0,15,6,2,5536298
0,0,0,0,0,0,0,1,0,0,0,0,20,1,1,2207220
0,0,0,0,0,0,0,1,0,0,0,0,20,1,2,3510242
0,0,0,0,0,0,0,1,0,0,0,0,20,2,1,158155
0,0,0,0,0,0,0,1,0,0,0,0,20,2,2,173646
0,0,0,0,0,0,0,1,0,0,0,0,20,3,1,60283
0,0,0,0,0,0,0,1,0,0,0,0,20,3,2,132104
0,0,0,0,0,0,0,1,0,0,0,0,20,4,1,54680
0,0,0,0,0,0,0,1,0,0,0,0,20,4,2,102903
0,0,0,0,0,0,0,1,0,0,0,0,20,5,1,5279
0,0,0,0,0,0,0,1,0,0,0,0,20,5,2,19324
0,0,0,0,0,0,0,1,0,0,0,0,20,6,1,2782767
0,0,0,0,0,0,0,1,0,0,0,0,20,6,2,1575276
0,0,0,0,0,0,0,1,0,0,0,0,25,1,1,3892322
0,0,0,0,0,0,0,1,0,0,0,0,25,1,2,4505911
0,0,0,0,0,0,0,1,0,0,0,0,25,2,1,130880
0,0,0,0,0,0,0,1,0,0,0,0,25,2,2,131824
0,0,0,0,0,0,0,1,0,0,0,0,25,3,1,79892
0,0,0,0,0,0,0,1,0,0,0,0,25,3,2,152525
0,0,0,0,0,0,0,1,0,0,0,0,25,4,1,95324
0,0,0,0,0,0,0,1,0,0,0,0,25,4,2,142827
0,0,0,0,0,0,0,1,0,0,0,0,25,5,1,10664
0,0,0,0,0,0,0,1,0,0,0,0,25,5,2,34661
0,0,0,0,0,0,0,1,0,0,0,0,25,6,1,1102723
0,0,0,0,0,0,0,1,0,0,0,0,25,6,2,580511
0,0,0,0,0,0,0,1,0,0,0,0,30,1,1,4728474
0,0,0,0,0,0,0,1,0,0,0,0,30,1,2,5120800
0,0,0,0,0,0,0,1,0,0,0,0,30,2,1,132355
0,0,0,0,0,0,0,1,0,0,0,0,30,2,2,107988
0,0,0,0,0,0,0,1,0,0,0,0,30,3,1,96340
0,0,0,0,0,0,0,1,0,0,0,0,30,3,2,177011
0,0,0,0,0,0,0,1,0,0,0,0,30,4,1,124423
0,0,0,0,0,0,0,1,0,0,0,0,30,4,2,192464
0,0,0,0,0,0,0,1,0,0,0,0,30,5,1,17224
0,0,0,0,0,0,0,1,0,0,0,0,30,5,2,72714
0,0,0,0,0,0,0,1,0,0,0,0,30,6,1,702526
0,0,0,0,0,0,0,1,0,0,0,0,30,6,2,419885
0,0,0,0,0,0,0,1,0,0,0,0,35,1,1,5123310
0,0,0,0,0,0,0,1,0,0,0,0,35,1,2,5402969
0,0,0,0,0,0,0,1,0,0,0,0,35,2,1,131888
0,0,0,0,0,0,0,1,0,0,0,0,35,2,2,103290
0,0,0,0,0,0,0,1,0,0,0,0,35,3,1,94533
0,0,0,0,0,0,0,1,0,0,0,0,35,3,2,179401
0,0,0,0,0,0,0,1,0,0,0,0,35,4,1,146217
0,0,0,0,0,0,0,1,0,0,0,0,35,4,2,231000
0,0,0,0,0,0,0,1,0,0,0,0,35,5,1,29480
0,0,0,0,0,0,0,1,0,0,0,0,35,5,2,135614
0,0,0,0,0,0,0,1,0,0,0,0,35,6,1,537635
0,0,0,0,0,0,0,1,0,0,0,0,35,6,2,379063
0,0,0,0,0,0,0,1,0,0,0,0,40,1,1,4819798
0,0,0,0,0,0,0,1,0,0,0,0,40,1,2,4857927
0,0,0,0,0,0,0,1,0,0,0,0,40,2,1,105879
0,0,0,0,0,0,0,1,0,0,0,0,40,2,2,94932
0,0,0,0,0,0,0,1,0,0,0,0,40,3,1,98323
0,0,0,0,0,0,0,1,0,0,0,0,40,3,2,156918
0,0,0,0,0,0,0,1,0,0,0,0,40,4,1,157132
0,0,0,0,0,0,0,1,0,0,0,0,40,4,2,236979
0,0,0,0,0,0,0,1,0,0,0,0,40,5,1,48220
0,0,0,0,0,0,0,1,0,0,0,0,40,5,2,238593
0,0,0,0,0,0,0,1,0,0,0,0,40,6,1,428591
0,0,0,0,0,0,0,1,0,0,0,0,40,6,2,355171
0,0,0,0,0,0,0,1,0,0,0,0,45,1,1,4525984
0,0,0,0,0,0,0,1,0,0,0,0,45,1,2,4315764
0,0,0,0,0,0,0,1,0,0,0,0,45,2,1,95936
0,0,0,0,0,0,0,1,0,0,0,0,45,2,2,88056
0,0,0,0,0,0,0,1,0,0,0,0,45,3,1,102327
0,0,0,0,0,0,0,1,0,0,0,0,45,3,2,139449
0,0,0,0,0,0,0,1,0,0,0,0,45,4,1,162322
0,0,0,0,0,0,0,1,0,0,0,0,45,4,2,240392
0,0,0,0,0,0,0,1,0,0,0,0,45,5,1,72993
0,0,0,0,0,0,0,1,0,0,0,0,45,5,2,371279
0,0,0,0,0,0,0,1,0,0,0,0,45,6,1,386096
0,0,0,0,0,0,0,1,0,0,0,0,45,6,2,361088
0,0,0,0,0,0,0,1,0,0,0,0,50,1,1,3969355
0,0,0,0,0,0,0,1,0,0,0,0,50,1,2,3610092
0,0,0,0,0,0,0,1,0,0,0,0,50,2,1,93232
0,0,0,0,0,0,0,1,0,0,0,0,50,2,2,78319
0,0,0,0,0,0,0,1,0,0,0,0,50,3,1,85280
0,0,0,0,0,0,0,1,0,0,0,0,50,3,2,110784
0,0,0,0,0,0,0,1,0,0,0,0,50,4,1,145661
0,0,0,0,0,0,0,1,0,0,0,0,50,4,2,207637
0,0,0,0,0,0,0,1,0,0,0,0,50,5,1,105488
0,0,0,0,0,0,0,1,0,0,0,0,50,5,2,542481
0,0,0,0,0,0,0,1,0,0,0,0,50,6,1,364348
0,0,0,0,0,0,0,1,0,0,0,0,50,6,2,379531
0,0,0,0,0,0,0,1,0,0,0,0,55,1,1,3380912
0,0,0,0,0,0,0,1,0,0,0,0,55,1,2,2923621
0,0,0,0,0,0,0,1,0,0,0,0,55,2,1,85176
0,0,0,0,0,0,0,1,0,0,0,0,55,2,2,69730
0,0,0,0,0,0,0,1,0,0,0,0,55,3,1,78782
0,0,0,0,0,0,0,1,0,0,0,0,55,3,2,90544
0,0,0,0,0,0,0,1,0,0,0,0,55,4,1,129327
0,0,0,0,0,0,0,1,0,0,0,0,55,4,2,171953
0,0,0,0,0,0,0,1,0,0,0,0,55,5,1,162369
0,0,0,0,0,0,0,1,0,0,0,0,55,5,2,785505
0,0,0,0,0,0,0,1,0,0,0,0,55,6,1,334015
0,0,0,0,0,0,0,1,0,0,0,0,55,6,2,361525
0,0,0,0,0,0,0,1,0,0,0,0,60,1,1,2692191
0,0,0,0,0,0,0,1,0,0,0,0,60,1,2,2160899
0,0,0,0,0,0,0,1,0,0,0,0,60,2,1,70536
0,0,0,0,0,0,0,1,0,0,0,0,60,2,2,61571
0,0,0,0,0,0,0,1,0,0,0,0,60,3,1,57290
0,0,0,0,0,0,0,1,0,0,0,0,60,3,2,62038
0,0,0,0,0,0,0,1,0,0,0,0,60,4,1,107387
0,0,0,0,0,0,0,1,0,0,0,0,60,4,2,125495
0,0,0,0,0,0,0,1,0,0,0,0,60,5,1,218375
0,0,0,0,0,0,0,1,0,0,0,0,60,5,2,1026878
0,0,0,0,0,0,0,1,0,0,0,0,60,6,1,259514
0,0,0,0,0,0,0,1,0,0,0,0,60,6,2,286958
0,0,0,0,0,0,0,1,0,0,0,0,65,1,1,2163615
0,0,0,0,0,0,0,1,0,0,0,0,65,1,2,1592344
0,0,0,0,0,0,0,1,0,0,0,0,65,2,1,54884
0,0,0,0,0,0,0,1,0,0,0,0,65,2,2,48618
0,0,0,0,0,0,0,1,0,0,0,0,65,3,1,45528
0,0,0,0,0,0,0,1,0,0,0,0,65,3,2,44329
0,0,0,0,0,0,0,1,0,0,0,0,65,4,1,76930
0,0,0,0,0,0,0,1,0,0,0,0,65,4,2,84960
0,0,0,0,0,0,0,1,0,0,0,0,65,5,1,300334
0,0,0,0,0,0,0,1,0,0,0,0,65,5,2,1243959
0,0,0,0,0,0,0,1,0,0,0,0,65,6,1,218080
0,0,0,0,0,0,0,1,0,0,0,0,65,6,2,254489
0,0,0,0,0,0,0,1,0,0,0,0,70,1,1,1468957
0,0,0,0,0,0,0,1,0,0,0,0,70,1,2,919703
0,0,0,0,0,0,0,1,0,0,0,0,70,2,1,42943
0,0,0,0,0,0,0,1,0,0,0,0,70,2,2,37369
0,0,0,0,0,0,0,1,0,0,0,0,70,3,1,31685
0,0,0,0,0,0,0,1,0,0,0,0,70,3,2,26206
0,0,0,0,0,0,0,1,0,0,0,0,70,4,1,47123
0,0,0,0,0,0,0,1,0,0,0,0,70,4,2,49706
0,0,0,0,0,0,0,1,0,0,0,0,70,5,1,354007
0,0,0,0,0,0,0,1,0,0,0,0,70,5,2,1274235
0,0,0,0,0,0,0,1,0,0,0,0,70,6,1,171048
0,0,0,0,0,0,0,1,0,0,0,0,70,6,2,209260
0,0,0,0,0,0,0,1,0,0,0,0,75,1,1,802855
0,0,0,0,0,0,0,1,0,0,0,0,75,1,2,410735
0,0,0,0,0,0,0,1,0,0,0,0,75,2,1,30379
0,0,0,0,0,0,0,1,0,0,0,0,75,2,2,25509
0,0,0,0,0,0,0,1,0,0,0,0,75,3,1,18039
0,0,0,0,0,0,0,1,0,0,0,0,75,3,2,12941
0,0,0,0,0,0,0,1,0,0,0,0,75,4,1,29381
0,0,0,0,0,0,0,1,0,0,0,0,75,4,2,24991
0,0,0,0,0,0,0,1,0,0,0,0,75,5,1,329012
0,0,0,0,0,0,0,1,0,0,0,0,75,5,2,1025734
0,0,0,0,0,0,0,1,0,0,0,0,75,6,1,99247
0,0,0,0,0,0,0,1,0,0,0,0,75,6,2,141461
0,0,0,0,0,0,0,1,0,0,0,0,80,1,1,306745
0,0,0,0,0,0,0,1,0,0,0,0,80,1,2,121818
0,0,0,0,0,0,0,1,0,0,0,0,80,2,1,17525
0,0,0,0,0,0,0,1,0,0,0,0,80,2,2,15844
0,0,0,0,0,0,0,1,0,0,0,0,80,3,1,7869
0,0,0,0,0,0,0,1,0,0,0,0,80,3,2,5181
0,0,0,0,0,0,0,1,0,0,0,0,80,4,1,11848
0,0,0,0,0,0,0,1,0,0,0,0,80,4,2,8869
0,0,0,0,0,0,0,1,0,0,0,0,80,5,1,232302
0,0,0,0,0,0,0,1,0,0,0,0,80,5,2,624624
0,0,0,0,0,0,0,1,0,0,0,0,80,6,1,43634
0,0,0,0,0,0,0,1,0,0,0,0,80,6,2,80616
0,0,0,0,0,0,0,1,0,0,0,0,85,1,1,93654
0,0,0,0,0,0,0,1,0,0,0,0,85,1,2,25216
0,0,0,0,0,0,0,1,0,0,0,0,85,2,1,8952
0,0,0,0,0,0,0,1,0,0,0,0,85,2,2,5773
0,0,0,0,0,0,0,1,0,0,0,0,85,3,1,3190
0,0,0,0,0,0,0,1,0,0,0,0,85,3,2,698
0,0,0,0,0,0,0,1,0,0,0,0,85,4,1,3684
0,0,0,0,0,0,0,1,0,0,0,0,85,4,2,3085
0,0,0,0,0,0,0,1,0,0,0,0,85,5,1,127025
0,0,0,0,0,0,0,1,0,0,0,0,85,5,2,311036
0,0,0,0,0,0,0,1,0,0,0,0,85,6,1,16740
0,0,0,0,0,0,0,1,0,0,0,0,85,6,2,38764
0,0,0,0,0,0,0,1,0,0,0,0,90,1,1,19526
0,0,0,0,0,0,0,1,0,0,0,0,90,1,2,6778
0,0,0,0,0,0,0,1,0,0,0,0,90,2,1,2292
0,0,0,0,0,0,0,1,0,0,0,0,90,2,2,1094
0,0,0,0,0,0,0,1,0,0,0,0,90,3,1,697
0,0,0,0,0,0,0,1,0,0,0,0,90,3,2,499
0,0,0,0,0,0,0,1,0,0,0,0,90,4,1,698
0,0,0,0,0,0,0,1,0,0,0,0,90,4,2,1492
0,0,0,0,0,0,0,1,0,0,0,0,90,5,1,47314
0,0,0,0,0,0,0,1,0,0,0,0,90,5,2,111672
0,0,0,0,0,0,0,1,0,0,0,0,90,6,1,5381
0,0,0,0,0,0,0,1,0,0,0,0,90,6,2,14239
0,0,0,0,0,0,0,0,1,0,0,0,0,6,1,8685121
0,0,0,0,0,0,0,0,1,0,0,0,0,6,2,8326887
0,0,0,0,0,0,0,0,1,0,0,0,5,6,1,10411131
0,0,0,0,0,0,0,0,1,0,0,0,5,6,2,10003293
0,0,0,0,0,0,0,0,1,0,0,0,10,1,1,13626
0,0,0,0,0,0,0,0,1,0,0,0,10,1,2,13724
0,0,0,0,0,0,0,0,1,0,0,0,10,2,1,5007
0,0,0,0,0,0,0,0,1,0,0,0,10,2,2,5812
0,0,0,0,0,0,0,0,1,0,0,0,10,3,1,1703
0,0,0,0,0,0,0,0,1,0,0,0,10,3,2,2704
0,0,0,0,0,0,0,0,1,0,0,0,10,4,1,2006
0,0,0,0,0,0,0,0,1,0,0,0,10,4,2,3205
0,0,0,0,0,0,0,0,1,0,0,0,10,5,1,1806
0,0,0,0,0,0,0,0,1,0,0,0,10,5,2,6012
0,0,0,0,0,0,0,0,1,0,0,0,10,6,1,10732255
0,0,0,0,0,0,0,0,1,0,0,0,10,6,2,10312081
0,0,0,0,0,0,0,0,1,0,0,0,15,1,1,302393
0,0,0,0,0,0,0,0,1,0,0,0,15,1,2,888209
0,0,0,0,0,0,0,0,1,0,0,0,15,2,1,53192
0,0,0,0,0,0,0,0,1,0,0,0,15,2,2,142848
0,0,0,0,0,0,0,0,1,0,0,0,15,3,1,20544
0,0,0,0,0,0,0,0,1,0,0,0,15,3,2,52000
0,0,0,0,0,0,0,0,1,0,0,0,15,4,1,15526
0,0,0,0,0,0,0,0,1,0,0,0,15,4,2,30951
0,0,0,0,0,0,0,0,1,0,0,0,15,5,1,7316
0,0,0,0,0,0,0,0,1,0,0,0,15,5,2,25751
0,0,0,0,0,0,0,0,1,0,0,0,15,6,1,9206428
0,0,0,0,0,0,0,0,1,0,0,0,15,6,2,8274525
0,0,0,0,0,0,0,0,1,0,0,0,20,1,1,3024311
0,0,0,0,0,0,0,0,1,0,0,0,20,1,2,4559250
0,0,0,0,0,0,0,0,1,0,0,0,20,2,1,222751
0,0,0,0,0,0,0,0,1,0,0,0,20,2,2,273134
0,0,0,0,0,0,0,0,1,0,0,0,20,3,1,92958
0,0,0,0,0,0,0,0,1,0,0,0,20,3,2,219755
0,0,0,0,0,0,0,0,1,0,0,0,20,4,1,106705
0,0,0,0,0,0,0,0,1,0,0,0,20,4,2,212652
0,0,0,0,0,0,0,0,1,0,0,0,20,5,1,14134
0,0,0,0,0,0,0,0,1,0,0,0,20,5,2,57284
0,0,0,0,0,0,0,0,1,0,0,0,20,6,1,4268343
0,0,0,0,0,0,0,0,1,0,0,0,20,6,2,3019755
0,0,0,0,0,0,0,0,1,0,0,0,25,1,1,4797911
0,0,0,0,0,0,0,0,1,0,0,0,25,1,2,5297719
0,0,0,0,0,0,0,0,1,0,0,0,25,2,1,131105
0,0,0,0,0,0,0,0,1,0,0,0,25,2,2,144032
0,0,0,0,0,0,0,0,1,0,0,0,25,3,1,113431
0,0,0,0,0,0,0,0,1,0,0,0,25,3,2,244122
0,0,0,0,0,0,0,0,1,0,0,0,25,4,1,195442
0,0,0,0,0,0,0,0,1,0,0,0,25,4,2,298188
0,0,0,0,0,0,0,0,1,0,0,0,25,5,1,18533
0,0,0,0,0,0,0,0,1,0,0,0,25,5,2,73345
0,0,0,0,0,0,0,0,1,0,0,0,25,6,1,1282879
0,0,0,0,0,0,0,0,1,0,0,0,25,6,2,845635
0,0,0,0,0,0,0,0,1,0,0,0,30,1,1,4532137
0,0,0,0,0,0,0,0,1,0,0,0,30,1,2,4720180
0,0,0,0,0,0,0,0,1,0,0,0,30,2,1,110683
0,0,0,0,0,0,0,0,1,0,0,0,30,2,2,110195
0,0,0,0,0,0,0,0,1,0,0,0,30,3,1,97250
0,0,0,0,0,0,0,0,1,0,0,0,30,3,2,209862
0,0,0,0,0,0,0,0,1,0,0,0,30,4,1,172277
0,0,0,0,0,0,0,0,1,0,0,0,30,4,2,287572
0,0,0,0,0,0,0,0,1,0,0,0,30,5,1,16334
0,0,0,0,0,0,0,0,1,0,0,0,30,5,2,93356
0,0,0,0,0,0,0,0,1,0,0,0,30,6,1,591198
0,0,0,0,0,0,0,0,1,0,0,0,30,6,2,430276
0,0,0,0,0,0,0,0,1,0,0,0,35,1,1,4540054
0,0,0,0,0,0,0,0,1,0,0,0,35,1,2,4629984
0,0,0,0,0,0,0,0,1,0,0,0,35,2,1,106168
0,0,0,0,0,0,0,0,1,0,0,0,35,2,2,104465
0,0,0,0,0,0,0,0,1,0,0,0,35,3,1,99340
0,0,0,0,0,0,0,0,1,0,0,0,35,3,2,199960
0,0,0,0,0,0,0,0,1,0,0,0,35,4,1,176593
0,0,0,0,0,0,0,0,1,0,0,0,35,4,2,310226
0,0,0,0,0,0,0,0,1,0,0,0,35,5,1,28840
0,0,0,0,0,0,0,0,1,0,0,0,35,5,2,127421
0,0,0,0,0,0,0,0,1,0,0,0,35,6,1,445737
0,0,0,0,0,0,0,0,1,0,0,0,35,6,2,335965
0,0,0,0,0,0,0,0,1,0,0,0,40,1,1,4820024
0,0,0,0,0,0,0,0,1,0,0,0,40,1,2,4922219
0,0,0,0,0,0,0,0,1,0,0,0,40,2,1,100664
0,0,0,0,0,0,0,0,1,0,0,0,40,2,2,100658
0,0,0,0,0,0,0,0,1,0,0,0,40,3,1,108567
0,0,0,0,0,0,0,0,1,0,0,0,40,3,2,200060
0,0,0,0,0,0,0,0,1,0,0,0,40,4,1,217582
0,0,0,0,0,0,0,0,1,0,0,0,40,4,2,350900
0,0,0,0,0,0,0,0,1,0,0,0,40,5,1,50795
0,0,0,0,0,0,0,0,1,0,0,0,40,5,2,225548
0,0,0,0,0,0,0,0,1,0,0,0,40,6,1,420906
0,0,0,0,0,0,0,0,1,0,0,0,40,6,2,329934
0,0,0,0,0,0,0,0,1,0,0,0,45,1,1,4896512
0,0,0,0,0,0,0,0,1,0,0,0,45,1,2,4874149
0,0,0,0,0,0,0,0,1,0,0,0,45,2,1,95232
0,0,0,0,0,0,0,0,1,0,0,0,45,2,2,91359
0,0,0,0,0,0,0,0,1,0,0,0,45,3,1,112198
0,0,0,0,0,0,0,0,1,0,0,0,45,3,2,176094
0,0,0,0,0,0,0,0,1,0,0,0,45,4,1,226857
0,0,0,0,0,0,0,0,1,0,0,0,45,4,2,353978
0,0,0,0,0,0,0,0,1,0,0,0,45,5,1,78415
0,0,0,0,0,0,0,0,1,0,0,0,45,5,2,374514
0,0,0,0,0,0,0,0,1,0,0,0,45,6,1,384906
0,0,0,0,0,0,0,0,1,0,0,0,45,6,2,328648
0,0,0,0,0,0,0,0,1,0,0,0,50,1,1,4465080
0,0,0,0,0,0,0,0,1,0,0,0,50,1,2,4303281
0,0,0,0,0,0,0,0,1,0,0,0,50,2,1,84629
0,0,0,0,0,0,0,0,1,0,0,0,50,2,2,85547
0,0,0,0,0,0,0,0,1,0,0,0,50,3,1,105057
0,0,0,0,0,0,0,0,1,0,0,0,50,3,2,140622
0,0,0,0,0,0,0,0,1,0,0,0,50,4,1,192014
0,0,0,0,0,0,0,0,1,0,0,0,50,4,2,322665
0,0,0,0,0,0,0,0,1,0,0,0,50,5,1,114292
0,0,0,0,0,0,0,0,1,0,0,0,50,5,2,598898
0,0,0,0,0,0,0,0,1,0,0,0,50,6,1,337240
0,0,0,0,0,0,0,0,1,0,0,0,50,6,2,332804
0,0,0,0,0,0,0,0,1,0,0,0,55,1,1,3948534
0,0,0,0,0,0,0,0,1,0,0,0,55,1,2,3570862
0,0,0,0,0,0,0,0,1,0,0,0,55,2,1,80837
0,0,0,0,0,0,0,0,1,0,0,0,55,2,2,78433
0,0,0,0,0,0,0,0,1,0,0,0,55,3,1,83726
0,0,0,0,0,0,0,0,1,0,0,0,55,3,2,117021
0,0,0,0,0,0,0,0,1,0,0,0,55,4,1,187153
0,0,0,0,0,0,0,0,1,0,0,0,55,4,2,269354
0,0,0,0,0,0,0,0,1,0,0,0,55,5,1,150058
0,0,0,0,0,0,0,0,1,0,0,0,55,5,2,855731
0,0,0,0,0,0,0,0,1,0,0,0,55,6,1,312603
0,0,0,0,0,0,0,0,1,0,0,0,55,6,2,330763
0,0,0,0,0,0,0,0,1,0,0,0,60,1,1,3272158
0,0,0,0,0,0,0,0,1,0,0,0,60,1,2,2721395
0,0,0,0,0,0,0,0,1,0,0,0,60,2,1,75638
0,0,0,0,0,0,0,0,1,0,0,0,60,2,2,66921
0,0,0,0,0,0,0,0,1,0,0,0,60,3,1,71418
0,0,0,0,0,0,0,0,1,0,0,0,60,3,2,82934
0,0,0,0,0,0,0,0,1,0,0,0,60,4,1,148143
0,0,0,0,0,0,0,0,1,0,0,0,60,4,2,217748
0,0,0,0,0,0,0,0,1,0,0,0,60,5,1,199719
0,0,0,0,0,0,0,0,1,0,0,0,60,5,2,1153895
0,0,0,0,0,0,0,0,1,0,0,0,60,6,1,270567
0,0,0,0,0,0,0,0,1,0,0,0,60,6,2,334358
0,0,0,0,0,0,0,0,1,0,0,0,65,1,1,2411182
0,0,0,0,0,0,0,0,1,0,0,0,65,1,2,1914777
0,0,0,0,0,0,0,0,1,0,0,0,65,2,1,59696
0,0,0,0,0,0,0,0,1,0,0,0,65,2,2,53796
0,0,0,0,0,0,0,0,1,0,0,0,65,3,1,53490
0,0,0,0,0,0,0,0,1,0,0,0,65,3,2,61505
0,0,0,0,0,0,0,0,1,0,0,0,65,4,1,114884
0,0,0,0,0,0,0,0,1,0,0,0,65,4,2,150622
0,0,0,0,0,0,0,0,1,0,0,0,65,5,1,277077
0,0,0,0,0,0,0,0,1,0,0,0,65,5,2,1423424
0,0,0,0,0,0,0,0,1,0,0,0,65,6,1,226277
0,0,0,0,0,0,0,0,1,0,0,0,65,6,2,290703
0,0,0,0,0,0,0,0,1,0,0,0,70,1,1,1695098
0,0,0,0,0,0,0,0,1,0,0,0,70,1,2,1153885
0,0,0,0,0,0,0,0,1,0,0,0,70,2,1,49606
0,0,0,0,0,0,0,0,1,0,0,0,70,2,2,49494
0,0,0,0,0,0,0,0,1,0,0,0,70,3,1,36752
0,0,0,0,0,0,0,0,1,0,0,0,70,3,2,36674
0,0,0,0,0,0,0,0,1,0,0,0,70,4,1,70128
0,0,0,0,0,0,0,0,1,0,0,0,70,4,2,104967
0,0,0,0,0,0,0,0,1,0,0,0,70,5,1,319542
0,0,0,0,0,0,0,0,1,0,0,0,70,5,2,1539232
0,0,0,0,0,0,0,0,1,0,0,0,70,6,1,169700
0,0,0,0,0,0,0,0,1,0,0,0,70,6,2,253757
0,0,0,0,0,0,0,0,1,0,0,0,75,1,1,1051035
0,0,0,0,0,0,0,0,1,0,0,0,75,1,2,584668
0,0,0,0,0,0,0,0,1,0,0,0,75,2,1,45284
0,0,0,0,0,0,0,0,1,0,0,0,75,2,2,37464
0,0,0,0,0,0,0,0,1,0,0,0,75,3,1,21035
0,0,0,0,0,0,0,0,1,0,0,0,75,3,2,22441
0,0,0,0,0,0,0,0,1,0,0,0,75,4,1,39460
0,0,0,0,0,0,0,0,1,0,0,0,75,4,2,58181
0,0,0,0,0,0,0,0,1,0,0,0,75,5,1,325973
0,0,0,0,0,0,0,0,1,0,0,0,75,5,2,1399719
0,0,0,0,0,0,0,0,1,0,0,0,75,6,1,116482
0,0,0,0,0,0,0,0,1,0,0,0,75,6,2,190903
0,0,0,0,0,0,0,0,1,0,0,0,80,1,1,470364
0,0,0,0,0,0,0,0,1,0,0,0,80,1,2,205945
0,0,0,0,0,0,0,0,1,0,0,0,80,2,1,33568
0,0,0,0,0,0,0,0,1,0,0,0,80,2,2,24840
0,0,0,0,0,0,0,0,1,0,0,0,80,3,1,11913
0,0,0,0,0,0,0,0,1,0,0,0,80,3,2,8818
0,0,0,0,0,0,0,0,1,0,0,0,80,4,1,21035
0,0,0,0,0,0,0,0,1,0,0,0,80,4,2,28945
0,0,0,0,0,0,0,0,1,0,0,0,80,5,1,281974
0,0,0,0,0,0,0,0,1,0,0,0,80,5,2,1025390
0,0,0,0,0,0,0,0,1,0,0,0,80,6,1,67301
0,0,0,0,0,0,0,0,1,0,0,0,80,6,2,123615
0,0,0,0,0,0,0,0,1,0,0,0,85,1,1,142846
0,0,0,0,0,0,0,0,1,0,0,0,85,1,2,54581
0,0,0,0,0,0,0,0,1,0,0,0,85,2,1,15923
0,0,0,0,0,0,0,0,1,0,0,0,85,2,2,10917
0,0,0,0,0,0,0,0,1,0,0,0,85,3,1,5408
0,0,0,0,0,0,0,0,1,0,0,0,85,3,2,4103
0,0,0,0,0,0,0,0,1,0,0,0,85,4,1,9913
0,0,0,0,0,0,0,0,1,0,0,0,85,4,2,11324
0,0,0,0,0,0,0,0,1,0,0,0,85,5,1,168092
0,0,0,0,0,0,0,0,1,0,0,0,85,5,2,513367
0,0,0,0,0,0,0,0,1,0,0,0,85,6,1,28941
0,0,0,0,0,0,0,0,1,0,0,0,85,6,2,64219
0,0,0,0,0,0,0,0,1,0,0,0,90,1,1,64710
0,0,0,0,0,0,0,0,1,0,0,0,90,1,2,33147
0,0,0,0,0,0,0,0,1,0,0,0,90,2,1,7309
0,0,0,0,0,0,0,0,1,0,0,0,90,2,2,5810
0,0,0,0,0,0,0,0,1,0,0,0,90,3,1,3605
0,0,0,0,0,0,0,0,1,0,0,0,90,3,2,2606
0,0,0,0,0,0,0,0,1,0,0,0,90,4,1,5709
0,0,0,0,0,0,0,0,1,0,0,0,90,4,2,7109
0,0,0,0,0,0,0,0,1,0,0,0,90,5,1,76238
0,0,0,0,0,0,0,0,1,0,0,0,90,5,2,225279
0,0,0,0,0,0,0,0,1,0,0,0,90,6,1,28931
0,0,0,0,0,0,0,0,1,0,0,0,90,6,2,40978
0,0,0,0,0,0,0,0,0,1,0,0,0,6,1,8439366
0,0,0,0,0,0,0,0,0,1,0,0,0,6,2,8081854
0,0,0,0,0,0,0,0,0,1,0,0,5,2,2,20
0,0,0,0,0,0,0,0,0,1,0,0,5,3,2,20
0,0,0,0,0,0,0,0,0,1,0,0,5,6,1,8680730
0,0,0,0,0,0,0,0,0,1,0,0,5,6,2,8275841
0,0,0,0,0,0,0,0,0,1,0,0,10,3,2,20
0,0,0,0,0,0,0,0,0,1,0,0,10,6,1,9452338
0,0,0,0,0,0,0,0,0,1,0,0,10,6,2,9048463
0,0,0,0,0,0,0,0,0,1,0,0,15,1,1,212860
0,0,0,0,0,0,0,0,0,1,0,0,15,1,2,753617
0,0,0,0,0,0,0,0,0,1,0,0,15,2,1,59111
0,0,0,0,0,0,0,0,0,1,0,0,15,2,2,78789
0,0,0,0,0,0,0,0,0,1,0,0,15,3,1,16571
0,0,0,0,0,0,0,0,0,1,0,0,15,3,2,53845
0,0,0,0,0,0,0,0,0,1,0,0,15,4,1,12029
0,0,0,0,0,0,0,0,0,1,0,0,15,4,2,40644
0,0,0,0,0,0,0,0,0,1,0,0,15,5,1,1701
0,0,0,0,0,0,0,0,0,1,0,0,15,5,2,6505
0,0,0,0,0,0,0,0,0,1,0,0,15,6,1,10396584
0,0,0,0,0,0,0,0,0,1,0,0,15,6,2,9476871
0,0,0,0,0,0,0,0,0,1,0,0,20,1,1,2825489
0,0,0,0,0,0,0,0,0,1,0,0,20,1,2,4320450
0,0,0,0,0,0,0,0,0,1,0,0,20,2,1,168930
0,0,0,0,0,0,0,0,0,1,0,0,20,2,2,144308
0,0,0,0,0,0,0,0,0,1,0,0,20,3,1,139607
0,0,0,0,0,0,0,0,0,1,0,0,20,3,2,286678
0,0,0,0,0,0,0,0,0,1,0,0,20,4,1,234777
0,0,0,0,0,0,0,0,0,1,0,0,20,4,2,446153
0,0,0,0,0,0,0,0,0,1,0,0,20,5,1,5464
0,0,0,0,0,0,0,0,0,1,0,0,20,5,2,24061
0,0,0,0,0,0,0,0,0,1,0,0,20,6,1,7112509
0,0,0,0,0,0,0,0,0,1,0,0,20,6,2,5393297
0,0,0,0,0,0,0,0,0,1,0,0,25,1,1,5501113
0,0,0,0,0,0,0,0,0,1,0,0,25,1,2,6294178
0,0,0,0,0,0,0,0,0,1,0,0,25,2,1,165034
0,0,0,0,0,0,0,0,0,1,0,0,25,2,2,117493
0,0,0,0,0,0,0,0,0,1,0,0,25,3,1,241812
0,0,0,0,0,0,0,0,0,1,0,0,25,3,2,375360
0,0,0,0,0,0,0,0,0,1,0,0,25,4,1,639352
0,0,0,0,0,0,0,0,0,1,0,0,25,4,2,889871
0,0,0,0,0,0,0,0,0,1,0,0,25,5,1,11563
0,0,0,0,0,0,0,0,0,1,0,0,25,5,2,51938
0,0,0,0,0,0,0,0,0,1,0,0,25,6,1,3065179
0,0,0,0,0,0,0,0,0,1,0,0,25,6,2,2099063
0,0,0,0,0,0,0,0,0,1,0,0,30,1,1,6292360
0,0,0,0,0,0,0,0,0,1,0,0,30,1,2,6489817
0,0,0,0,0,0,0,0,0,1,0,0,30,2,1,125460
0,0,0,0,0,0,0,0,0,1,0,0,30,2,2,90065
0,0,0,0,0,0,0,0,0,1,0,0,30,3,1,235845
0,0,0,0,0,0,0,0,0,1,0,0,30,3,2,355344
0,0,0,0,0,0,0,0,0,1,0,0,30,4,1,751384
0,0,0,0,0,0,0,0,0,1,0,0,30,4,2,994486
0,0,0,0,0,0,0,0,0,1,0,0,30,5,1,16274
0,0,0,0,0,0,0,0,0,1,0,0,30,5,2,82175
0,0,0,0,0,0,0,0,0,1,0,0,30,6,1,1284512
0,0,0,0,0,0,0,0,0,1,0,0,30,6,2,943338
0,0,0,0,0,0,0,0,0,1,0,0,35,1,1,5380576
0,0,0,0,0,0,0,0,0,1,0,0,35,1,2,5361454
0,0,0,0,0,0,0,0,0,1,0,0,35,2,1,93503
0,0,0,0,0,0,0,0,0,1,0,0,35,2,2,71443
0,0,0,0,0,0,0,0,0,1,0,0,35,3,1,182478
0,0,0,0,0,0,0,0,0,1,0,0,35,3,2,285735
0,0,0,0,0,0,0,0,0,1,0,0,35,4,1,581938
0,0,0,0,0,0,0,0,0,1,0,0,35,4,2,824673
0,0,0,0,0,0,0,0,0,1,0,0,35,5,1,22782
0,0,0,0,0,0,0,0,0,1,0,0,35,5,2,111924
0,0,0,0,0,0,0,0,0,1,0,0,35,6,1,590792
0,0,0,0,0,0,0,0,0,1,0,0,35,6,2,479010
0,0,0,0,0,0,0,0,0,1,0,0,40,1,1,4598361
0,0,0,0,0,0,0,0,0,1,0,0,40,1,2,4516473
0,0,0,0,0,0,0,0,0,1,0,0,40,2,1,76397
0,0,0,0,0,0,0,0,0,1,0,0,40,2,2,56444
0,0,0,0,0,0,0,0,0,1,0,0,40,3,1,151762
0,0,0,0,0,0,0,0,0,1,0,0,40,3,2,229260
0,0,0,0,0,0,0,0,0,1,0,0,40,4,1,457898
0,0,0,0,0,0,0,0,0,1,0,0,40,4,2,665619
0,0,0,0,0,0,0,0,0,1,0,0,40,5,1,30604
0,0,0,0,0,0,0,0,0,1,0,0,40,5,2,168729
0,0,0,0,0,0,0,0,0,1,0,0,40,6,1,377126
0,0,0,0,0,0,0,0,0,1,0,0,40,6,2,317385
0,0,0,0,0,0,0,0,0,1,0,0,45,1,1,4376612
0,0,0,0,0,0,0,0,0,1,0,0,45,1,2,4327756
0,0,0,0,0,0,0,0,0,1,0,0,45,2,1,67972
0,0,0,0,0,0,0,0,0,1,0,0,45,2,2,51180
0,0,0,0,0,0,0,0,0,1,0,0,45,3,1,129479
0,0,0,0,0,0,0,0,0,1,0,0,45,3,2,194019
0,0,0,0,0,0,0,0,0,1,0,0,45,4,1,397906
0,0,0,0,0,0,0,0,0,1,0,0,45,4,2,574174
0,0,0,0,0,0,0,0,0,1,0,0,45,5,1,52529
0,0,0,0,0,0,0,0,0,1,0,0,45,5,2,285487
0,0,0,0,0,0,0,0,0,1,0,0,45,6,1,317971
0,0,0,0,0,0,0,0,0,1,0,0,45,6,2,264927
0,0,0,0,0,0,0,0,0,1,0,0,50,1,1,4605285
0,0,0,0,0,0,0,0,0,1,0,0,50,1,2,4514928
0,0,0,0,0,0,0,0,0,1,0,0,50,2,1,63475
0,0,0,0,0,0,0,0,0,1,0,0,50,2,2,52995
0,0,0,0,0,0,0,0,0,1,0,0,50,3,1,124403
0,0,0,0,0,0,0,0,0,1,0,0,50,3,2,178822
0,0,0,0,0,0,0,0,0,1,0,0,50,4,1,379263
0,0,0,0,0,0,0,0,0,1,0,0,50,4,2,549854
0,0,0,0,0,0,0,0,0,1,0,0,50,5,1,98455
0,0,0,0,0,0,0,0,0,1,0,0,50,5,2,534450
0,0,0,0,0,0,0,0,0,1,0,0,50,6,1,332828
0,0,0,0,0,0,0,0,0,1,0,0,50,6,2,279068
0,0,0,0,0,0,0,0,0,1,0,0,55,1,1,4542601
0,0,0,0,0,0,0,0,0,1,0,0,55,1,2,4325777
0,0,0,0,0,0,0,0,0,1,0,0,55,2,1,62684
0,0,0,0,0,0,0,0,0,1,0,0,55,2,2,54188
0,0,0,0,0,0,0,0,0,1,0,0,55,3,1,105040
0,0,0,0,0,0,0,0,0,1,0,0,55,3,2,145809
0,0,0,0,0,0,0,0,0,1,0,0,55,4,1,313576
0,0,0,0,0,0,0,0,0,1,0,0,55,4,2,477595
0,0,0,0,0,0,0,0,0,1,0,0,55,5,1,153654
0,0,0,0,0,0,0,0,0,1,0,0,55,5,2,865861
0,0,0,0,0,0,0,0,0,1,0,0,55,6,1,307543
0,0,0,0,0,0,0,0,0,1,0,0,55,6,2,290999
0,0,0,0,0,0,0,0,0,1,0,0,60,1,1,3876112
0,0,0,0,0,0,0,0,0,1,0,0,60,1,2,3430650
0,0,0,0,0,0,0,0,0,1,0,0,60,2,1,52963
0,0,0,0,0,0,0,0,0,1,0,0,60,2,2,46649
0,0,0,0,0,0,0,0,0,1,0,0,60,3,1,78610
0,0,0,0,0,0,0,0,0,1,0,0,60,3,2,104438
0,0,0,0,0,0,0,0,0,1,0,0,60,4,1,232338
0,0,0,0,0,0,0,0,0,1,0,0,60,4,2,356691
0,0,0,0,0,0,0,0,0,1,0,0,60,5,1,212651
0,0,0,0,0,0,0,0,0,1,0,0,60,5,2,1237326
0,0,0,0,0,0,0,0,0,1,0,0,60,6,1,243466
0,0,0,0,0,0,0,0,0,1,0,0,60,6,2,281131
0,0,0,0,0,0,0,0,0,1,0,0,65,1,1,3121054
0,0,0,0,0,0,0,0,0,1,0,0,65,1,2,2565598
0,0,0,0,0,0,0,0,0,1,0,0,65,2,1,48302
0,0,0,0,0,0,0,0,0,1,0,0,65,2,2,44125
0,0,0,0,0,0,0,0,0,1,0,0,65,3,1,60315
0,0,0,0,0,0,0,0,0,1,0,0,65,3,2,70857
0,0,0,0,0,0,0,0,0,1,0,0,65,4,1,169971
0,0,0,0,0,0,0,0,0,1,0,0,65,4,2,266154
0,0,0,0,0,0,0,0,0,1,0,0,65,5,1,284341
0,0,0,0,0,0,0,0,0,1,0,0,65,5,2,1661622
0,0,0,0,0,0,0,0,0,1,0,0,65,6,1,209527
0,0,0,0,0,0,0,0,0,1,0,0,65,6,2,288591
0,0,0,0,0,0,0,0,0,1,0,0,70,1,1,2189629
0,0,0,0,0,0,0,0,0,1,0,0,70,1,2,1599296
0,0,0,0,0,0,0,0,0,1,0,0,70,2,1,46430
0,0,0,0,0,0,0,0,0,1,0,0,70,2,2,41030
0,0,0,0,0,0,0,0,0,1,0,0,70,3,1,40386
0,0,0,0,0,0,0,0,0,1,0,0,70,3,2,43345
0,0,0,0,0,0,0,0,0,1,0,0,70,4,1,105413
0,0,0,0,0,0,0,0,0,1,0,0,70,4,2,179570
0,0,0,0,0,0,0,0,0,1,0,0,70,5,1,321577
0,0,0,0,0,0,0,0,0,1,0,0,70,5,2,1838584
0,0,0,0,0,0,0,0,0,1,0,0,70,6,1,154339
0,0,0,0,0,0,0,0,0,1,0,0,70,6,2,261616
0,0,0,0,0,0,0,0,0,1,0,0,75,1,1,1291556
0,0,0,0,0,0,0,0,0,1,0,0,75,1,2,805195
0,0,0,0,0,0,0,0,0,1,0,0,75,2,1,42662
0,0,0,0,0,0,0,0,0,1,0,0,75,2,2,39811
0,0,0,0,0,0,0,0,0,1,0,0,75,3,1,22249
0,0,0,0,0,0,0,0,0,1,0,0,75,3,2,22979
0,0,0,0,0,0,0,0,0,1,0,0,75,4,1,60284
0,0,0,0,0,0,0,0,0,1,0,0,75,4,2,107671
0,0,0,0,0,0,0,0,0,1,0,0,75,5,1,322095
0,0,0,0,0,0,0,0,0,1,0,0,75,5,2,1771845
0,0,0,0,0,0,0,0,0,1,0,0,75,6,1,101592
0,0,0,0,0,0,0,0,0,1,0,0,75,6,2,204258
0,0,0,0,0,0,0,0,0,1,0,0,80,1,1,606368
0,0,0,0,0,0,0,0,0,1,0,0,80,1,2,298826
0,0,0,0,0,0,0,0,0,1,0,0,80,2,1,36920
0,0,0,0,0,0,0,0,0,1,0,0,80,2,2,32056
0,0,0,0,0,0,0,0,0,1,0,0,80,3,1,9407
0,0,0,0,0,0,0,0,0,1,0,0,80,3,2,10189
0,0,0,0,0,0,0,0,0,1,0,0,80,4,1,26920
0,0,0,0,0,0,0,0,0,1,0,0,80,4,2,53054
0,0,0,0,0,0,0,0,0,1,0,0,80,5,1,275133
0,0,0,0,0,0,0,0,0,1,0,0,80,5,2,1386883
0,0,0,0,0,0,0,0,0,1,0,0,80,6,1,58138
0,0,0,0,0,0,0,0,0,1,0,0,80,6,2,138284
0,0,0,0,0,0,0,0,0,1,0,0,85,1,1,217604
0,0,0,0,0,0,0,0,0,1,0,0,85,1,2,78797
0,0,0,0,0,0,0,0,0,1,0,0,85,2,1,25696
0,0,0,0,0,0,0,0,0,1,0,0,85,2,2,18617
0,0,0,0,0,0,0,0,0,1,0,0,85,3,1,3880
0,0,0,0,0,0,0,0,0,1,0,0,85,3,2,3842
0,0,0,0,0,0,0,0,0,1,0,0,85,4,1,10069
0,0,0,0,0,0,0,0,0,1,0,0,85,4,2,21898
0,0,0,0,0,0,0,0,0,1,0,0,85,5,1,188634
0,0,0,0,0,0,0,0,0,1,0,0,85,5,2,821996
0,0,0,0,0,0,0,0,0,1,0,0,85,6,1,26455
0,0,0,0,0,0,0,0,0,1,0,0,85,6,2,77965
0,0,0,0,0,0,0,0,0,1,0,0,90,1,1,62644
0,0,0,0,0,0,0,0,0,1,0,0,90,1,2,17412
0,0,0,0,0,0,0,0,0,1,0,0,90,2,1,13991
0,0,0,0,0,0,0,0,0,1,0,0,90,2,2,8906
0,0,0,0,0,0,0,0,0,1,0,0,90,3,1,2221
0,0,0,0,0,0,0,0,0,1,0,0,90,3,2,1420
0,0,0,0,0,0,0,0,0,1,0,0,90,4,1,4164
0,0,0,0,0,0,0,0,0,1,0,0,90,4,2,8926
0,0,0,0,0,0,0,0,0,1,0,0,90,5,1,108982
0,0,0,0,0,0,0,0,0,1,0,0,90,5,2,420291
0,0,0,0,0,0,0,0,0,1,0,0,90,6,1,12146
0,0,0,0,0,0,0,0,0,1,0,0,90,6,2,42091
0,0,0,0,0,0,0,0,0,0,1,0,0,6,1,9307465
0,0,0,0,0,0,0,0,0,0,1,0,0,6,2,8894007
0,0,0,0,0,0,0,0,0,0,1,0,5,6,1,9274732
0,0,0,0,0,0,0,0,0,0,1,0,5,6,2,8799955
0,0,0,0,0,0,0,0,0,0,1,0,10,6,1,8782542
0,0,0,0,0,0,0,0,0,0,1,0,10,6,2,8337284
0,0,0,0,0,0,0,0,0,0,1,0,15,1,1,93309
0,0,0,0,0,0,0,0,0,0,1,0,15,1,2,315201
0,0,0,0,0,0,0,0,0,0,1,0,15,2,1,72390
0,0,0,0,0,0,0,0,0,0,1,0,15,2,2,86644
0,0,0,0,0,0,0,0,0,0,1,0,15,3,1,12625
0,0,0,0,0,0,0,0,0,0,1,0,15,3,2,30933
0,0,0,0,0,0,0,0,0,0,1,0,15,4,1,10643
0,0,0,0,0,0,0,0,0,0,1,0,15,4,2,22060
0,0,0,0,0,0,0,0,0,0,1,0,15,5,1,2963
0,0,0,0,0,0,0,0,0,0,1,0,15,5,2,9047
0,0,0,0,0,0,0,0,0,0,1,0,15,6,1,8828642
0,0,0,0,0,0,0,0,0,0,1,0,15,6,2,8127106
0,0,0,0,0,0,0,0,0,0,1,0,20,1,1,1531622
0,0,0,0,0,0,0,0,0,0,1,0,20,1,2,2571602
0,0,0,0,0,0,0,0,0,0,1,0,20,2,1,238708
0,0,0,0,0,0,0,0,0,0,1,0,20,2,2,190691
0,0,0,0,0,0,0,0,0,0,1,0,20,3,1,97370
0,0,0,0,0,0,0,0,0,0,1,0,20,3,2,199817
0,0,0,0,0,0,0,0,0,0,1,0,20,4,1,139696
0,0,0,0,0,0,0,0,0,0,1,0,20,4,2,274427
0,0,0,0,0,0,0,0,0,0,1,0,20,5,1,5333
0,0,0,0,0,0,0,0,0,0,1,0,20,5,2,15657
0,0,0,0,0,0,0,0,0,0,1,0,20,6,1,7423459
0,0,0,0,0,0,0,0,0,0,1,0,20,6,2,5900450
0,0,0,0,0,0,0,0,0,0,1,0,25,1,1,4706891
0,0,0,0,0,0,0,0,0,0,1,0,25,1,2,5807666
0,0,0,0,0,0,0,0,0,0,1,0,25,2,1,326802
0,0,0,0,0,0,0,0,0,0,1,0,25,2,2,213507
0,0,0,0,0,0,0,0,0,0,1,0,25,3,1,235837
0,0,0,0,0,0,0,0,0,0,1,0,25,3,2,374869
0,0,0,0,0,0,0,0,0,0,1,0,25,4,1,576204
0,0,0,0,0,0,0,0,0,0,1,0,25,4,2,817478
0,0,0,0,0,0,0,0,0,0,1,0,25,5,1,11893
0,0,0,0,0,0,0,0,0,0,1,0,25,5,2,39757
0,0,0,0,0,0,0,0,0,0,1,0,25,6,1,4800400
0,0,0,0,0,0,0,0,0,0,1,0,25,6,2,3334015
0,0,0,0,0,0,0,0,0,0,1,0,30,1,1,6680957
0,0,0,0,0,0,0,0,0,0,1,0,30,1,2,7217147
0,0,0,0,0,0,0,0,0,0,1,0,30,2,1,292267
0,0,0,0,0,0,0,0,0,0,1,0,30,2,2,177786
0,0,0,0,0,0,0,0,0,0,1,0,30,3,1,295007
0,0,0,0,0,0,0,0,0,0,1,0,30,3,2,434475
0,0,0,0,0,0,0,0,0,0,1,0,30,4,1,969577
0,0,0,0,0,0,0,0,0,0,1,0,30,4,2,1227775
0,0,0,0,0,0,0,0,0,0,1,0,30,5,1,18404
0,0,0,0,0,0,0,0,0,0,1,0,30,5,2,79036
0,0,0,0,0,0,0,0,0,0,1,0,30,6,1,2772500
0,0,0,0,0,0,0,0,0,0,1,0,30,6,2,1969531
0,0,0,0,0,0,0,0,0,0,1,0,35,1,1,6708885
0,0,0,0,0,0,0,0,0,0,1,0,35,1,2,6862320
0,0,0,0,0,0,0,0,0,0,1,0,35,2,1,227177
0,0,0,0,0,0,0,0,0,0,1,0,35,2,2,139539
0,0,0,0,0,0,0,0,0,0,1,0,35,3,1,271709
0,0,0,0,0,0,0,0,0,0,1,0,35,3,2,392004
0,0,0,0,0,0,0,0,0,0,1,0,35,4,1,1110342
0,0,0,0,0,0,0,0,0,0,1,0,35,4,2,1384361
0,0,0,0,0,0,0,0,0,0,1,0,35,5,1,27143
0,0,0,0,0,0,0,0,0,0,1,0,35,5,2,113491
0,0,0,0,0,0,0,0,0,0,1,0,35,6,1,1508677
0,0,0,0,0,0,0,0,0,0,1,0,35,6,2,1146929
0,0,0,0,0,0,0,0,0,0,1,0,40,1,1,6327195
0,0,0,0,0,0,0,0,0,0,1,0,40,1,2,6148148
0,0,0,0,0,0,0,0,0,0,1,0,40,2,1,176485
0,0,0,0,0,0,0,0,0,0,1,0,40,2,2,114881
0,0,0,0,0,0,0,0,0,0,1,0,40,3,1,241878
0,0,0,0,0,0,0,0,0,0,1,0,40,3,2,333114
0,0,0,0,0,0,0,0,0,0,1,0,40,4,1,1077261
0,0,0,0,0,0,0,0,0,0,1,0,40,4,2,1454786
0,0,0,0,0,0,0,0,0,0,1,0,40,5,1,40695
0,0,0,0,0,0,0,0,0,0,1,0,40,5,2,181377
0,0,0,0,0,0,0,0,0,0,1,0,40,6,1,849118
0,0,0,0,0,0,0,0,0,0,1,0,40,6,2,695946
0,0,0,0,0,0,0,0,0,0,1,0,45,1,1,5161298
0,0,0,0,0,0,0,0,0,0,1,0,45,1,2,4940092
0,0,0,0,0,0,0,0,0,0,1,0,45,2,1,131680
0,0,0,0,0,0,0,0,0,0,1,0,45,2,2,92224
0,0,0,0,0,0,0,0,0,0,1,0,45,3,1,181273
0,0,0,0,0,0,0,0,0,0,1,0,45,3,2,239494
0,0,0,0,0,0,0,0,0,0,1,0,45,4,1,840998
0,0,0,0,0,0,0,0,0,0,1,0,45,4,2,1165200
0,0,0,0,0,0,0,0,0,0,1,0,45,5,1,50108
0,0,0,0,0,0,0,0,0,0,1,0,45,5,2,260206
0,0,0,0,0,0,0,0,0,0,1,0,45,6,1,482725
0,0,0,0,0,0,0,0,0,0,1,0,45,6,2,417913
0,0,0,0,0,0,0,0,0,0,1,0,50,1,1,4305482
0,0,0,0,0,0,0,0,0,0,1,0,50,1,2,4088111
0,0,0,0,0,0,0,0,0,0,1,0,50,2,1,100970
0,0,0,0,0,0,0,0,0,0,1,0,50,2,2,75155
0,0,0,0,0,0,0,0,0,0,1,0,50,3,1,135735
0,0,0,0,0,0,0,0,0,0,1,0,50,3,2,181441
0,0,0,0,0,0,0,0,0,0,1,0,50,4,1,613729
0,0,0,0,0,0,0,0,0,0,1,0,50,4,2,863699
0,0,0,0,0,0,0,0,0,0,1,0,50,5,1,74972
0,0,0,0,0,0,0,0,0,0,1,0,50,5,2,403495
0,0,0,0,0,0,0,0,0,0,1,0,50,6,1,323104
0,0,0,0,0,0,0,0,0,0,1,0,50,6,2,288024
0,0,0,0,0,0,0,0,0,0,1,0,55,1,1,3954574
0,0,0,0,0,0,0,0,0,0,1,0,55,1,2,3696268
0,0,0,0,0,0,0,0,0,0,1,0,55,2,1,84268
0,0,0,0,0,0,0,0,0,0,1,0,55,2,2,67520
0,0,0,0,0,0,0,0,0,0,1,0,55,3,1,105084
0,0,0,0,0,0,0,0,0,0,1,0,55,3,2,135435
0,0,0,0,0,0,0,0,0,0,1,0,55,4,1,458880
0,0,0,0,0,0,0,0,0,0,1,0,55,4,2,672532
0,0,0,0,0,0,0,0,0,0,1,0,55,5,1,121038
0,0,0,0,0,0,0,0,0,0,1,0,55,5,2,649222
0,0,0,0,0,0,0,0,0,0,1,0,55,6,1,257826
0,0,0,0,0,0,0,0,0,0,1,0,55,6,2,239529
0,0,0,0,0,0,0,0,0,0,1,0,60,1,1,3932138
0,0,0,0,0,0,0,0,0,0,1,0,60,1,2,3566828
0,0,0,0,0,0,0,0,0,0,1,0,60,2,1,73768
0,0,0,0,0,0,0,0,0,0,1,0,60,2,2,66657
0,0,0,0,0,0,0,0,0,0,1,0,60,3,1,86778
0,0,0,0,0,0,0,0,0,0,1,0,60,3,2,110348
0,0,0,0,0,0,0,0,0,0,1,0,60,4,1,382067
0,0,0,0,0,0,0,0,0,0,1,0,60,4,2,556934
0,0,0,0,0,0,0,0,0,0,1,0,60,5,1,214088
0,0,0,0,0,0,0,0,0,0,1,0,60,5,2,1115196
0,0,0,0,0,0,0,0,0,0,1,0,60,6,1,264983
0,0,0,0,0,0,0,0,0,0,1,0,60,6,2,247242
0,0,0,0,0,0,0,0,0,0,1,0,65,1,1,3587732
0,0,0,0,0,0,0,0,0,0,1,0,65,1,2,3092299
0,0,0,0,0,0,0,0,0,0,1,0,65,2,1,71243
0,0,0,0,0,0,0,0,0,0,1,0,65,2,2,65017
0,0,0,0,0,0,0,0,0,0,1,0,65,3,1,67501
0,0,0,0,0,0,0,0,0,0,1,0,65,3,2,82170
0,0,0,0,0,0,0,0,0,0,1,0,65,4,1,276294
0,0,0,0,0,0,0,0,0,0,1,0,65,4,2,439205
0,0,0,0,0,0,0,0,0,0,1,0,65,5,1,314925
0,0,0,0,0,0,0,0,0,0,1,0,65,5,2,1658206
0,0,0,0,0,0,0,0,0,0,1,0,65,6,1,220703
0,0,0,0,0,0,0,0,0,0,1,0,65,6,2,257211
0,0,0,0,0,0,0,0,0,0,1,0,70,1,1,2631225
0,0,0,0,0,0,0,0,0,0,1,0,70,1,2,2035719
0,0,0,0,0,0,0,0,0,0,1,0,70,2,1,65752
0,0,0,0,0,0,0,0,0,0,1,0,70,2,2,63437
0,0,0,0,0,0,0,0,0,0,1,0,70,3,1,42999
0,0,0,0,0,0,0,0,0,0,1,0,70,3,2,47975
0,0,0,0,0,0,0,0,0,0,1,0,70,4,1,163948
0,0,0,0,0,0,0,0,0,0,1,0,70,4,2,278004
0,0,0,0,0,0,0,0,0,0,1,0,70,5,1,370292
0,0,0,0,0,0,0,0,0,0,1,0,70,5,2,1961293
0,0,0,0,0,0,0,0,0,0,1,0,70,6,1,155204
0,0,0,0,0,0,0,0,0,0,1,0,70,6,2,223794
0,0,0,0,0,0,0,0,0,0,1,0,75,1,1,1670143
0,0,0,0,0,0,0,0,0,0,1,0,75,1,2,1164193
0,0,0,0,0,0,0,0,0,0,1,0,75,2,1,65890
0,0,0,0,0,0,0,0,0,0,1,0,75,2,2,61552
0,0,0,0,0,0,0,0,0,0,1,0,75,3,1,24858
0,0,0,0,0,0,0,0,0,0,1,0,75,3,2,27539
0,0,0,0,0,0,0,0,0,0,1,0,75,4,1,90035
0,0,0,0,0,0,0,0,0,0,1,0,75,4,2,177723
0,0,0,0,0,0,0,0,0,0,1,0,75,5,1,385058
0,0,0,0,0,0,0,0,0,0,1,0,75,5,2,2081237
0,0,0,0,0,0,0,0,0,0,1,0,75,6,1,108948
0,0,0,0,0,0,0,0,0,0,1,0,75,6,2,211736
0,0,0,0,0,0,0,0,0,0,1,0,80,1,1,837809
0,0,0,0,0,0,0,0,0,0,1,0,80,1,2,472340
0,0,0,0,0,0,0,0,0,0,1,0,80,2,1,59111
0,0,0,0,0,0,0,0,0,0,1,0,80,2,2,50907
0,0,0,0,0,0,0,0,0,0,1,0,80,3,1,12444
0,0,0,0,0,0,0,0,0,0,1,0,80,3,2,13413
0,0,0,0,0,0,0,0,0,0,1,0,80,4,1,40929
0,0,0,0,0,0,0,0,0,0,1,0,80,4,2,95217
0,0,0,0,0,0,0,0,0,0,1,0,80,5,1,328336
0,0,0,0,0,0,0,0,0,0,1,0,80,5,2,1749187
0,0,0,0,0,0,0,0,0,0,1,0,80,6,1,64367
0,0,0,0,0,0,0,0,0,0,1,0,80,6,2,164666
0,0,0,0,0,0,0,0,0,0,1,0,85,1,1,288153
0,0,0,0,0,0,0,0,0,0,1,0,85,1,2,125660
0,0,0,0,0,0,0,0,0,0,1,0,85,2,1,37724
0,0,0,0,0,0,0,0,0,0,1,0,85,2,2,29560
0,0,0,0,0,0,0,0,0,0,1,0,85,3,1,4651
0,0,0,0,0,0,0,0,0,0,1,0,85,3,2,5013
0,0,0,0,0,0,0,0,0,0,1,0,85,4,1,15287
0,0,0,0,0,0,0,0,0,0,1,0,85,4,2,40322
0,0,0,0,0,0,0,0,0,0,1,0,85,5,1,212629
0,0,0,0,0,0,0,0,0,0,1,0,85,5,2,1121414
0,0,0,0,0,0,0,0,0,0,1,0,85,6,1,30346
0,0,0,0,0,0,0,0,0,0,1,0,85,6,2,97525
0,0,0,0,0,0,0,0,0,0,1,0,90,1,1,75748
0,0,0,0,0,0,0,0,0,0,1,0,90,1,2,21189
0,0,0,0,0,0,0,0,0,0,1,0,90,2,1,19436
0,0,0,0,0,0,0,0,0,0,1,0,90,2,2,11716
0,0,0,0,0,0,0,0,0,0,1,0,90,3,1,1498
0,0,0,0,0,0,0,0,0,0,1,0,90,3,2,2019
0,0,0,0,0,0,0,0,0,0,1,0,90,4,1,5259
0,0,0,0,0,0,0,0,0,0,1,0,90,4,2,16489
0,0,0,0,0,0,0,0,0,0,1,0,90,5,1,124512
0,0,0,0,0,0,0,0,0,0,1,0,90,5,2,641191
0,0,0,0,0,0,0,0,0,0,1,0,90,6,1,12006
0,0,0,0,0,0,0,0,0,0,1,0,90,6,2,52542
0,0,0,0,0,0,0,0,0,0,0,1,0,6,1,9735380
0,0,0,0,0,0,0,0,0,0,0,1,0,6,2,9310714
0,0,0,0,0,0,0,0,0,0,0,1,5,6,1,10552146
0,0,0,0,0,0,0,0,0,0,0,1,5,6,2,10069564
0,0,0,0,0,0,0,0,0,0,0,1,10,6,1,10563233
0,0,0,0,0,0,0,0,0,0,0,1,10,6,2,10022524
0,0,0,0,0,0,0,0,0,0,0,1,15,1,1,76608
0,0,0,0,0,0,0,0,0,0,0,1,15,1,2,250017
0,0,0,0,0,0,0,0,0,0,0,1,15,2,1,306793
0,0,0,0,0,0,0,0,0,0,0,1,15,2,2,259853
0,0,0,0,0,0,0,0,0,0,0,1,15,3,1,22392
0,0,0,0,0,0,0,0,0,0,0,1,15,3,2,31442
0,0,0,0,0,0,0,0,0,0,0,1,15,4,1,13941
0,0,0,0,0,0,0,0,0,0,0,1,15,4,2,18541
0,0,0,0,0,0,0,0,0,0,0,1,15,5,1,13000
0,0,0,0,0,0,0,0,0,0,0,1,15,5,2,13977
0,0,0,0,0,0,0,0,0,0,0,1,15,6,1,9804685
0,0,0,0,0,0,0,0,0,0,0,1,15,6,2,9118839
0,0,0,0,0,0,0,0,0,0,0,1,20,1,1,1304630
0,0,0,0,0,0,0,0,0,0,0,1,20,1,2,2146487
0,0,0,0,0,0,0,0,0,0,0,1,20,2,1,540672
0,0,0,0,0,0,0,0,0,0,0,1,20,2,2,341571
0,0,0,0,0,0,0,0,0,0,0,1,20,3,1,87721
0,0,0,0,0,0,0,0,0,0,0,1,20,3,2,163078
0,0,0,0,0,0,0,0,0,0,0,1,20,4,1,117128
0,0,0,0,0,0,0,0,0,0,0,1,20,4,2,208791
0,0,0,0,0,0,0,0,0,0,0,1,20,5,1,19111
0,0,0,0,0,0,0,0,0,0,0,1,20,5,2,22099
0,0,0,0,0,0,0,0,0,0,0,1,20,6,1,7662053
0,0,0,0,0,0,0,0,0,0,0,1,20,6,2,6442218
0,0,0,0,0,0,0,0,0,0,0,1,25,1,1,3768541
0,0,0,0,0,0,0,0,0,0,0,1,25,1,2,4705672
0,0,0,0,0,0,0,0,0,0,0,1,25,2,1,495025
0,0,0,0,0,0,0,0,0,0,0,1,25,2,2,241867
0,0,0,0,0,0,0,0,0,0,0,1,25,3,1,176450
0,0,0,0,0,0,0,0,0,0,0,1,25,3,2,282578
0,0,0,0,0,0,0,0,0,0,0,1,25,4,1,446398
0,0,0,0,0,0,0,0,0,0,0,1,25,4,2,619418
0,0,0,0,0,0,0,0,0,0,0,1,25,5,1,19337
0,0,0,0,0,0,0,0,0,0,0,1,25,5,2,30889
0,0,0,0,0,0,0,0,0,0,0,1,25,6,1,4753742
0,0,0,0,0,0,0,0,0,0,0,1,25,6,2,3638083
0,0,0,0,0,0,0,0,0,0,0,1,30,1,1,5626772
0,0,0,0,0,0,0,0,0,0,0,1,30,1,2,6240969
0,0,0,0,0,0,0,0,0,0,0,1,30,2,1,471024
0,0,0,0,0,0,0,0,0,0,0,1,30,2,2,214531
0,0,0,0,0,0,0,0,0,0,0,1,30,3,1,234997
0,0,0,0,0,0,0,0,0,0,0,1,30,3,2,358273
0,0,0,0,0,0,0,0,0,0,0,1,30,4,1,814561
0,0,0,0,0,0,0,0,0,0,0,1,30,4,2,1043276
0,0,0,0,0,0,0,0,0,0,0,1,30,5,1,26766
0,0,0,0,0,0,0,0,0,0,0,1,30,5,2,56890
0,0,0,0,0,0,0,0,0,0,0,1,30,6,1,3031759
0,0,0,0,0,0,0,0,0,0,0,1,30,6,2,2205357
0,0,0,0,0,0,0,0,0,0,0,1,35,1,1,7087071
0,0,0,0,0,0,0,0,0,0,0,1,35,1,2,7546252
0,0,0,0,0,0,0,0,0,0,0,1,35,2,1,452139
0,0,0,0,0,0,0,0,0,0,0,1,35,2,2,223377
0,0,0,0,0,0,0,0,0,0,0,1,35,3,1,298173
0,0,0,0,0,0,0,0,0,0,0,1,35,3,2,443863
0,0,0,0,0,0,0,0,0,0,0,1,35,4,1,1248792
0,0,0,0,0,0,0,0,0,0,0,1,35,4,2,1554729
0,0,0,0,0,0,0,0,0,0,0,1,35,5,1,43537
0,0,0,0,0,0,0,0,0,0,0,1,35,5,2,113253
0,0,0,0,0,0,0,0,0,0,0,1,35,6,1,2345470
0,0,0,0,0,0,0,0,0,0,0,1,35,6,2,1754173
0,0,0,0,0,0,0,0,0,0,0,1,40,1,1,7377629
0,0,0,0,0,0,0,0,0,0,0,1,40,1,2,7519647
0,0,0,0,0,0,0,0,0,0,0,1,40,2,1,373972
0,0,0,0,0,0,0,0,0,0,0,1,40,2,2,201436
0,0,0,0,0,0,0,0,0,0,0,1,40,3,1,307672
0,0,0,0,0,0,0,0,0,0,0,1,40,3,2,435183
0,0,0,0,0,0,0,0,0,0,0,1,40,4,1,1475287
0,0,0,0,0,0,0,0,0,0,0,1,40,4,2,1799358
0,0,0,0,0,0,0,0,0,0,0,1,40,5,1,63428
0,0,0,0,0,0,0,0,0,0,0,1,40,5,2,188673
0,0,0,0,0,0,0,0,0,0,0,1,40,6,1,1722264
0,0,0,0,0,0,0,0,0,0,0,1,40,6,2,1344281
0,0,0,0,0,0,0,0,0,0,0,1,45,1,1,6748762
0,0,0,0,0,0,0,0,0,0,0,1,45,1,2,6745340
0,0,0,0,0,0,0,0,0,0,0,1,45,2,1,279357
0,0,0,0,0,0,0,0,0,0,0,1,45,2,2,168424
0,0,0,0,0,0,0,0,0,0,0,1,45,3,1,258603
0,0,0,0,0,0,0,0,0,0,0,1,45,3,2,347926
0,0,0,0,0,0,0,0,0,0,0,1,45,4,1,1449579
0,0,0,0,0,0,0,0,0,0,0,1,45,4,2,1796836
0,0,0,0,0,0,0,0,0,0,0,1,45,5,1,81554
0,0,0,0,0,0,0,0,0,0,0,1,45,5,2,288414
0,0,0,0,0,0,0,0,0,0,0,1,45,6,1,1107151
0,0,0,0,0,0,0,0,0,0,0,1,45,6,2,914313
0,0,0,0,0,0,0,0,0,0,0,1,50,1,1,6072639
0,0,0,0,0,0,0,0,0,0,0,1,50,1,2,5807162
0,0,0,0,0,0,0,0,0,0,0,1,50,2,1,209922
0,0,0,0,0,0,0,0,0,0,0,1,50,2,2,145306
0,0,0,0,0,0,0,0,0,0,0,1,50,3,1,193868
0,0,0,0,0,0,0,0,0,0,0,1,50,3,2,258613
0,0,0,0,0,0,0,0,0,0,0,1,50,4,1,1248353
0,0,0,0,0,0,0,0,0,0,0,1,50,4,2,1663838
0,0,0,0,0,0,0,0,0,0,0,1,50,5,1,105918
0,0,0,0,0,0,0,0,0,0,0,1,50,5,2,423991
0,0,0,0,0,0,0,0,0,0,0,1,50,6,1,677234
0,0,0,0,0,0,0,0,0,0,0,1,50,6,2,612223
0,0,0,0,0,0,0,0,0,0,0,1,55,1,1,4780059
0,0,0,0,0,0,0,0,0,0,0,1,55,1,2,4443450
0,0,0,0,0,0,0,0,0,0,0,1,55,2,1,152037
0,0,0,0,0,0,0,0,0,0,0,1,55,2,2,115943
0,0,0,0,0,0,0,0,0,0,0,1,55,3,1,130679
0,0,0,0,0,0,0,0,0,0,0,1,55,3,2,168327
0,0,0,0,0,0,0,0,0,0,0,1,55,4,1,874495
0,0,0,0,0,0,0,0,0,0,0,1,55,4,2,1214932
0,0,0,0,0,0,0,0,0,0,0,1,55,5,1,135308
0,0,0,0,0,0,0,0,0,0,0,1,55,5,2,612688
0,0,0,0,0,0,0,0,0,0,0,1,55,6,1,386504
0,0,0,0,0,0,0,0,0,0,0,1,55,6,2,365928
0,0,0,0,0,0,0,0,0,0,0,1,60,1,1,3877807
0,0,0,0,0,0,0,0,0,0,0,1,60,1,2,3464161
0,0,0,0,0,0,0,0,0,0,0,1,60,2,1,118983
0,0,0,0,0,0,0,0,0,0,0,1,60,2,2,97611
0,0,0,0,0,0,0,0,0,0,0,1,60,3,1,96006
0,0,0,0,0,0,0,0,0,0,0,1,60,3,2,115866
0,0,0,0,0,0,0,0,0,0,0,1,60,4,1,588254
0,0,0,0,0,0,0,0,0,0,0,1,60,4,2,841055
0,0,0,0,0,0,0,0,0,0,0,1,60,5,1,182397
0,0,0,0,0,0,0,0,0,0,0,1,60,5,2,893596
0,0,0,0,0,0,0,0,0,0,0,1,60,6,1,259952
0,0,0,0,0,0,0,0,0,0,0,1,60,6,2,256672
0,0,0,0,0,0,0,0,0,0,0,1,65,1,1,3378304
0,0,0,0,0,0,0,0,0,0,0,1,65,1,2,2525088
0,0,0,0,0,0,0,0,0,0,0,1,65,2,1,100229
0,0,0,0,0,0,0,0,0,0,0,1,65,2,2,89997
0,0,0,0,0,0,0,0,0,0,0,1,65,3,1,68731
0,0,0,0,0,0,0,0,0,0,0,1,65,3,2,75037
0,0,0,0,0,0,0,0,0,0,0,1,65,4,1,411219
0,0,0,0,0,0,0,0,0,0,0,1,65,4,2,597137
0,0,0,0,0,0,0,0,0,0,0,1,65,5,1,287588
0,0,0,0,0,0,0,0,0,0,0,1,65,5,2,1303907
0,0,0,0,0,0,0,0,0,0,0,1,65,6,1,207552
0,0,0,0,0,0,0,0,0,0,0,1,65,6,2,213618
0,0,0,0,0,0,0,0,0,0,0,1,70,1,1,2773396
0,0,0,0,0,0,0,0,0,0,0,1,70,1,2,2560844
0,0,0,0,0,0,0,0,0,0,0,1,70,2,1,102778
0,0,0,0,0,0,0,0,0,0,0,1,70,2,2,108947
0,0,0,0,0,0,0,0,0,0,0,1,70,3,1,50368
0,0,0,0,0,0,0,0,0,0,0,1,70,3,2,53237
0,0,0,0,0,0,0,0,0,0,0,1,70,4,1,280789
0,0,0,0,0,0,0,0,0,0,0,1,70,4,2,434370
0,0,0,0,0,0,0,0,0,0,0,1,70,5,1,406439
0,0,0,0,0,0,0,0,0,0,0,1,70,5,2,1825742
0,0,0,0,0,0,0,0,0,0,0,1,70,6,1,178375
0,0,0,0,0,0,0,0,0,0,0,1,70,6,2,201715
0,0,0,0,0,0,0,0,0,0,0,1,75,1,1,2018496
0,0,0,0,0,0,0,0,0,0,0,1,75,1,2,1556587
0,0,0,0,0,0,0,0,0,0,0,1,75,2,1,112161
0,0,0,0,0,0,0,0,0,0,0,1,75,2,2,145581
0,0,0,0,0,0,0,0,0,0,0,1,75,3,1,30166
0,0,0,0,0,0,0,0,0,0,0,1,75,3,2,33590
0,0,0,0,0,0,0,0,0,0,0,1,75,4,1,164487
0,0,0,0,0,0,0,0,0,0,0,1,75,4,2,284517
0,0,0,0,0,0,0,0,0,0,0,1,75,5,1,461756
0,0,0,0,0,0,0,0,0,0,0,1,75,5,2,2157989
0,0,0,0,0,0,0,0,0,0,0,1,75,6,1,125589
0,0,0,0,0,0,0,0,0,0,0,1,75,6,2,177380
0,0,0,0,0,0,0,0,0,0,0,1,80,1,1,1227298
0,0,0,0,0,0,0,0,0,0,0,1,80,1,2,809699
0,0,0,0,0,0,0,0,0,0,0,1,80,2,1,109195
0,0,0,0,0,0,0,0,0,0,0,1,80,2,2,172002
0,0,0,0,0,0,0,0,0,0,0,1,80,3,1,15357
0,0,0,0,0,0,0,0,0,0,0,1,80,3,2,17205
0,0,0,0,0,0,0,0,0,0,0,1,80,4,1,73640
0,0,0,0,0,0,0,0,0,0,0,1,80,4,2,146589
0,0,0,0,0,0,0,0,0,0,0,1,80,5,1,408331
0,0,0,0,0,0,0,0,0,0,0,1,80,5,2,1935401
0,0,0,0,0,0,0,0,0,0,0,1,80,6,1,68817
0,0,0,0,0,0,0,0,0,0,0,1,80,6,2,141002
0,0,0,0,0,0,0,0,0,0,0,1,85,1,1,545260
0,0,0,0,0,0,0,0,0,0,0,1,85,1,2,297024
0,0,0,0,0,0,0,0,0,0,0,1,85,2,1,81007
0,0,0,0,0,0,0,0,0,0,0,1,85,2,2,166426
0,0,0,0,0,0,0,0,0,0,0,1,85,3,1,5938
0,0,0,0,0,0,0,0,0,0,0,1,85,3,2,9549
0,0,0,0,0,0,0,0,0,0,0,1,85,4,1,27221
0,0,0,0,0,0,0,0,0,0,0,1,85,4,2,68487
0,0,0,0,0,0,0,0,0,0,0,1,85,5,1,275431
0,0,0,0,0,0,0,0,0,0,0,1,85,5,2,1344908
0,0,0,0,0,0,0,0,0,0,0,1,85,6,1,35500
0,0,0,0,0,0,0,0,0,0,0,1,85,6,2,94762
0,0,0,0,0,0,0,0,0,0,0,1,90,1,1,108633
0,0,0,0,0,0,0,0,0,0,0,1,90,1,2,37759
0,0,0,0,0,0,0,0,0,0,0,1,90,2,1,50347
0,0,0,0,0,0,0,0,0,0,0,1,90,2,2,157964
0,0,0,0,0,0,0,0,0,0,0,1,90,3,1,2876
0,0,0,0,0,0,0,0,0,0,0,1,90,3,2,6384
0,0,0,0,0,0,0,0,0,0,0,1,90,4,1,11205
0,0,0,0,0,0,0,0,0,0,0,1,90,4,2,29292
0,0,0,0,0,0,0,0,0,0,0,1,90,5,1,147615
0,0,0,0,0,0,0,0,0,0,0,1,90,5,2,774069
0,0,0,0,0,0,0,0,0,0,0,1,90,6,1,15627
0,0,0,0,0,0,0,0,0,0,0,1,90,6,2,59113