year,age,marst,sex,people
1880,0,6,M,3533662
1880,0,6,F,3421597
1880,5,6,M,3297503
1880,5,6,F,3179142
1880,10,1,F,1997
1880,10,2,M,599
1880,10,2,F,1596
1880,10,5,M,200
1880,10,5,F,199
1880,10,6,M,2911125
1880,10,6,F,2809758
1880,15,1,M,20747
1880,15,1,F,277380
1880,15,2,M,5583
1880,15,2,F,18657
1880,15,4,M,200
1880,15,4,F,1892
1880,15,5,M,2498
1880,15,5,F,5989
1880,15,6,M,2428706
1880,15,6,F,2223900
1880,20,1,M,525726
1880,20,1,F,1197869
1880,20,2,M,40394
1880,20,2,F,55146
1880,20,4,M,1396
1880,20,4,F,7482
1880,20,5,M,11863
1880,20,5,F,36706
1880,20,6,M,1968401
1880,20,6,F,1215600
1880,25,1,M,1159298
1880,25,1,F,1392687
1880,25,2,M,60650
1880,25,2,F,51579
1880,25,4,M,4089
1880,25,4,F,10567
1880,25,5,M,25135
1880,25,5,F,60658
1880,25,6,M,870221
1880,25,6,F,458750
1880,30,1,M,1236119
1880,30,1,F,1238326
1880,30,2,M,55962
1880,30,2,F,37894
1880,30,4,M,3892
1880,30,4,F,8084
1880,30,5,M,37003
1880,30,5,F,83777
1880,30,6,M,416131
1880,30,6,F,228691
1880,35,1,M,1213563
1880,35,1,F,1160080
1880,35,2,M,48604
1880,35,2,F,33202
1880,35,4,M,4992
1880,35,4,F,8378
1880,35,5,M,44500
1880,35,5,F,121783
1880,35,6,M,229113
1880,35,6,F,160274
1880,40,1,M,997154
1880,40,1,F,938721
1880,40,2,M,45009
1880,40,2,F,29506
1880,40,4,M,2793
1880,40,4,F,6182
1880,40,5,M,48463
1880,40,5,F,154399
1880,40,6,M,143928
1880,40,6,F,110627
1880,45,1,M,883724
1880,45,1,F,731892
1880,45,2,M,34324
1880,45,2,F,27831
1880,45,4,M,4288
1880,45,4,F,3690
1880,45,5,M,50965
1880,45,5,F,165781
1880,45,6,M,92672
1880,45,6,F,74517
1880,50,1,M,792796
1880,50,1,F,576825
1880,50,2,M,32025
1880,50,2,F,20741
1880,50,4,M,3394
1880,50,4,F,4783
1880,50,5,M,64937
1880,50,5,F,205310
1880,50,6,M,71332
1880,50,6,F,55353
1880,55,1,M,566433
1880,55,1,F,371421
1880,55,2,M,18250
1880,55,2,F,15060
1880,55,4,M,2095
1880,55,4,F,3090
1880,55,5,M,52966
1880,55,5,F,171760
1880,55,6,M,39403
1880,55,6,F,33512
1880,60,1,M,462498
1880,60,1,F,285866
1880,60,2,M,17259
1880,60,2,F,11170
1880,60,4,M,2293
1880,60,4,F,1496
1880,60,5,M,64228
1880,60,5,F,195104
1880,60,6,M,34020
1880,60,6,F,33320
1880,65,1,M,282013
1880,65,1,F,154905
1880,65,2,M,9478
1880,65,2,F,7174
1880,65,4,M,1895
1880,65,4,F,1896
1880,65,5,M,55070
1880,65,5,F,160882
1880,65,6,M,20942
1880,65,6,F,21446
1880,70,1,M,182101
1880,70,1,F,78187
1880,70,2,M,8978
1880,70,2,F,3891
1880,70,4,M,800
1880,70,4,F,797
1880,70,5,M,50270
1880,70,5,F,151130
1880,70,6,M,13273
1880,70,6,F,17855
1880,75,1,M,87761
1880,75,1,F,35491
1880,75,2,M,4683
1880,75,2,F,2295
1880,75,4,M,200
1880,75,4,F,299
1880,75,5,M,41300
1880,75,5,F,97051
1880,75,6,M,7684
1880,75,6,F,8377
1880,80,1,M,34518
1880,80,1,F,11870
1880,80,2,M,2292
1880,80,2,F,697
1880,80,4,M,99
1880,80,5,M,26628
1880,80,5,F,57346
1880,80,6,M,3989
1880,80,6,F,7377
1880,85,1,M,8671
1880,85,1,F,2995
1880,85,2,M,498
1880,85,2,F,399
1880,85,5,M,11772
1880,85,5,F,26137
1880,85,6,M,1496
1880,85,6,F,1696
1880,90,1,M,3689
1880,90,1,F,399
1880,90,2,M,398
1880,90,2,F,100
1880,90,4,M,100
1880,90,5,M,5387
1880,90,5,F,13255
1880,90,6,M,698
1880,90,6,F,1697
1900,0,6,M,4619544
1900,0,6,F,4589196
1900,5,6,M,4465783
1900,5,6,F,4390483
1900,10,1,F,3722
1900,10,2,M,502
1900,10,2,F,1306
1900,10,5,M,201
1900,10,6,M,4056966
1900,10,6,F,3996721
1900,15,1,M,32572
1900,15,1,F,396264
1900,15,2,M,5632
1900,15,2,F,25134
1900,15,4,M,301
1900,15,4,F,1809
1900,15,5,M,1109
1900,15,5,F,10352
1900,15,6,M,3735232
1900,15,6,F,3368184
1900,20,1,M,739365
1900,20,1,F,1675865
1900,20,2,M,46941
1900,20,2,F,83310
1900,20,4,M,4122
1900,20,4,F,11560
1900,20,5,M,16585
1900,20,5,F,52652
1900,20,6,M,2887025
1900,20,6,F,1927674
1900,25,1,M,1696542
1900,25,1,F,2150869
1900,25,2,M,89966
1900,25,2,F,82826
1900,25,4,M,8836
1900,25,4,F,17388
1900,25,5,M,40097
1900,25,5,F,94141
1900,25,6,M,1553839
1900,25,6,F,890832
1900,30,1,M,1929229
1900,30,1,F,2005516
1900,30,2,M,90726
1900,30,2,F,68647
1900,30,4,M,10259
1900,30,4,F,17287
1900,30,5,M,56695
1900,30,5,F,123907
1900,30,6,M,832055
1900,30,6,F,449817
1900,35,1,M,1936263
1900,35,1,F,1805069
1900,35,2,M,96909
1900,35,2,F,64111
1900,35,4,M,9950
1900,35,4,F,13770
1900,35,5,M,80686
1900,35,5,F,169672
1900,35,6,M,510075
1900,35,6,F,295115
1900,40,1,M,1730760
1900,40,1,F,1519459
1900,40,2,M,93977
1900,40,2,F,52343
1900,40,4,M,11546
1900,40,4,F,14779
1900,40,5,M,95083
1900,40,5,F,210858
1900,40,6,M,329704
1900,40,6,F,207548
1900,45,1,M,1458766
1900,45,1,F,1198397
1900,45,2,M,69555
1900,45,2,F,48652
1900,45,4,M,10054
1900,45,4,F,11151
1900,45,5,M,110965
1900,45,5,F,250510
1900,45,6,M,219073
1900,45,6,F,139315
1900,50,1,M,1227604
1900,50,1,F,966949
1900,50,2,M,58112
1900,50,2,F,41610
1900,50,4,M,11045
1900,50,4,F,9348
1900,50,5,M,127847
1900,50,5,F,292357
1900,50,6,M,146430
1900,50,6,F,101717
1900,55,1,M,896182
1900,55,1,F,666505
1900,55,2,M,39602
1900,55,2,F,28549
1900,55,4,M,8147
1900,55,4,F,5629
1900,55,5,M,122901
1900,55,5,F,293004
1900,55,6,M,95076
1900,55,6,F,70945
1900,60,1,M,678793
1900,60,1,F,462396
1900,60,2,M,33174
1900,60,2,F,24326
1900,60,4,M,5425
1900,60,4,F,3017
1900,60,5,M,128847
1900,60,5,F,339786
1900,60,6,M,70332
1900,60,6,F,57983
1900,65,1,M,480925
1900,65,1,F,274764
1900,65,2,M,20403
1900,65,2,F,16194
1900,65,4,M,2509
1900,65,4,F,2110
1900,65,5,M,125719
1900,65,5,F,312661
1900,65,6,M,43107
1900,65,6,F,34483
1900,70,1,M,298783
1900,70,1,F,136163
1900,70,2,M,13166
1900,70,2,F,10144
1900,70,4,M,2310
1900,70,4,F,904
1900,70,5,M,115663
1900,70,5,F,266985
1900,70,6,M,24825
1900,70,6,F,25811
1900,75,1,M,154368
1900,75,1,F,58301
1900,75,2,M,8949
1900,75,2,F,5428
1900,75,4,M,1302
1900,75,4,F,602
1900,75,5,M,86713
1900,75,5,F,184056
1900,75,6,M,16879
1900,75,6,F,17492
1900,80,1,M,59785
1900,80,1,F,17381
1900,80,2,M,4726
1900,80,2,F,2109
1900,80,4,M,401
1900,80,5,M,56691
1900,80,5,F,104721
1900,80,6,M,5832
1900,80,6,F,8238
1900,85,1,M,16983
1900,85,1,F,3414
1900,85,2,M,1307
1900,85,2,F,402
1900,85,4,M,100
1900,85,4,F,201
1900,85,5,M,23612
1900,85,5,F,41277
1900,85,6,M,2006
1900,85,6,F,3320
1900,90,1,M,5218
1900,90,1,F,1407
1900,90,2,M,603
1900,90,2,F,504
1900,90,5,M,8338
1900,90,5,F,16574
1900,90,6,M,1005
1900,90,6,F,1608
1910,0,6,M,5296823
1910,0,6,F,5287477
1910,5,6,M,4991803
1910,5,6,F,4866139
1910,10,1,M,252
1910,10,1,F,756
1910,10,2,M,503
1910,10,2,F,503
1910,10,6,M,4649992
1910,10,6,F,4470628
1910,15,1,M,41807
1910,15,1,F,509067
1910,15,2,M,7557
1910,15,2,F,32492
1910,15,4,M,756
1910,15,4,F,3527
1910,15,5,M,756
1910,15,5,F,10579
1910,15,6,M,4515278
1910,15,6,F,4036604
1910,20,1,M,1024956
1910,20,1,F,2083156
1910,20,2,M,76826
1910,20,2,F,101511
1910,20,4,M,5541
1910,20,4,F,25194
1910,20,5,M,13853
1910,20,5,F,55668
1910,20,6,M,3516456
1910,20,6,F,2182154
1910,25,1,M,2170316
1910,25,1,F,2722434
1910,25,2,M,166747
1910,25,2,F,109071
1910,25,4,M,14862
1910,25,4,F,30734
1910,25,5,M,46849
1910,25,5,F,110592
1910,25,6,M,1858981
1910,25,6,F,973322
1910,30,1,M,2399426
1910,30,1,F,2509056
1910,30,2,M,183881
1910,30,2,F,83130
1910,30,4,M,17128
1910,30,4,F,27458
1910,30,5,M,68009
1910,30,5,F,133003
1910,30,6,M,989681
1910,30,6,F,542573
1910,35,1,M,2461026
1910,35,1,F,2385199
1910,35,2,M,170533
1910,35,2,F,86151
1910,35,4,M,23175
1910,35,4,F,29221
1910,35,5,M,86140
1910,35,5,F,215117
1910,35,6,M,686644
1910,35,6,F,373302
1910,40,1,M,2125720
1910,40,1,F,1883413
1910,40,2,M,151141
1910,40,2,F,65494
1910,40,4,M,18893
1910,40,4,F,22418
1910,40,5,M,116116
1910,40,5,F,228181
1910,40,6,M,448359
1910,40,6,F,271761
1910,45,1,M,1803096
1910,45,1,F,1552185
1910,45,2,M,114865
1910,45,2,F,55421
1910,45,4,M,19146
1910,45,4,F,21918
1910,45,5,M,128709
1910,45,5,F,289938
1910,45,6,M,297985
1910,45,6,F,195468
1910,50,1,M,1630512
1910,50,1,F,1214387
1910,50,2,M,82124
1910,50,2,F,51136
1910,50,4,M,16876
1910,50,4,F,15872
1910,50,5,M,162980
1910,50,5,F,349133
1910,50,6,M,234024
1910,50,6,F,143064
1910,55,1,M,1150671
1910,55,1,F,831002
1910,55,2,M,58429
1910,55,2,F,41818
1910,55,4,M,11588
1910,55,4,F,13604
1910,55,5,M,159445
1910,55,5,F,344073
1910,55,6,M,128225
1910,55,6,F,87154
1910,60,1,M,866733
1910,60,1,F,567012
1910,60,2,M,46600
1910,60,2,F,34258
1910,60,4,M,11840
1910,60,4,F,7307
1910,60,5,M,166759
1910,60,5,F,403523
1910,60,6,M,97489
1910,60,6,F,78597
1910,65,1,M,589950
1910,65,1,F,359200
1910,65,2,M,35272
1910,65,2,F,23174
1910,65,4,M,7305
1910,65,4,F,4029
1910,65,5,M,159953
1910,65,5,F,370783
1910,65,6,M,57679
1910,65,6,F,56682
1910,70,1,M,340058
1910,70,1,F,174823
1910,70,2,M,20401
1910,70,2,F,12847
1910,70,4,M,3275
1910,70,4,F,1260
1910,70,5,M,156672
1910,70,5,F,317130
1910,70,6,M,37530
1910,70,6,F,41563
1910,75,1,M,180118
1910,75,1,F,65750
1910,75,2,M,11838
1910,75,2,F,8060
1910,75,4,M,2519
1910,75,4,F,756
1910,75,5,M,110320
1910,75,5,F,257189
1910,75,6,M,17884
1910,75,6,F,19145
1910,80,1,M,68770
1910,80,1,F,18392
1910,80,2,M,6801
1910,80,2,F,4786
1910,80,4,M,754
1910,80,4,F,756
1910,80,5,M,78083
1910,80,5,F,139296
1910,80,6,M,7307
1910,80,6,F,11085
1910,85,1,M,20909
1910,85,1,F,4534
1910,85,2,M,1764
1910,85,2,F,1259
1910,85,4,M,252
1910,85,5,M,32995
1910,85,5,F,55420
1910,85,6,M,3779
1910,85,6,F,1512
1910,90,1,M,7305
1910,90,1,F,1511
1910,90,2,M,1260
1910,90,2,F,504
1910,90,4,F,252
1910,90,5,M,14608
1910,90,5,F,24935
1910,90,6,M,756
1910,90,6,F,1763
1920,0,6,M,5934792
1920,0,6,F,5694244
1920,5,6,M,5789008
1920,5,6,F,5693960
1920,10,1,M,202
1920,10,1,F,4239
1920,10,2,M,1212
1920,10,2,F,1312
1920,10,4,M,101
1920,10,5,M,202
1920,10,5,F,202
1920,10,6,M,5399439
1920,10,6,F,5287304
1920,15,1,M,78211
1920,15,1,F,587731
1920,15,2,M,22201
1920,15,2,F,49958
1920,15,4,M,1211
1920,15,4,F,6658
1920,15,5,M,2118
1920,15,5,F,12613
1920,15,6,M,4620624
1920,15,6,F,4122976
1920,20,1,M,1174975
1920,20,1,F,2368395
1920,20,2,M,103955
1920,20,2,F,132208
1920,20,4,M,10699
1920,20,4,F,28356
1920,20,5,M,21499
1920,20,5,F,65393
1920,20,6,M,3238283
1920,20,6,F,2148280
1920,25,1,M,2511726
1920,25,1,F,3217818
1920,25,2,M,141772
1920,25,2,F,118953
1920,25,4,M,23824
1920,25,4,F,39663
1920,25,5,M,49446
1920,25,5,F,113629
1920,25,6,M,1838298
1920,25,6,F,1039319
1920,30,1,M,2855361
1920,30,1,F,3104649
1920,30,2,M,151066
1920,30,2,F,99885
1920,30,4,M,29560
1920,30,4,F,41174
1920,30,5,M,69824
1920,30,5,F,152982
1920,30,6,M,1004960
1920,30,6,F,583736
1920,35,1,M,3041446
1920,35,1,F,2928711
1920,35,2,M,180649
1920,35,2,F,97671
1920,35,4,M,33898
1920,35,4,F,42381
1920,35,5,M,103026
1920,35,5,F,215532
1920,35,6,M,722524
1920,35,6,F,429515
1920,40,1,M,2542029
1920,40,1,F,2361698
1920,40,2,M,153589
1920,40,2,F,83172
1920,40,4,M,31983
1920,40,4,F,28562
1920,40,5,M,119593
1920,40,5,F,263501
1920,40,6,M,474729
1920,40,6,F,322824
1920,45,1,M,2405631
1920,45,1,F,1979074
1920,45,2,M,145728
1920,45,2,F,78711
1920,45,4,M,28758
1920,45,4,F,25329
1920,45,5,M,158118
1920,45,5,F,327645
1920,45,6,M,405656
1920,45,6,F,258330
1920,50,1,M,1935382
1920,50,1,F,1502493
1920,50,2,M,115144
1920,50,2,F,67195
1920,50,4,M,26446
1920,50,4,F,19477
1920,50,5,M,183455
1920,50,5,F,410113
1920,50,6,M,285608
1920,50,6,F,201213
1920,55,1,M,1406894
1920,55,1,F,1046715
1920,55,2,M,78107
1920,55,2,F,49756
1920,55,4,M,17656
1920,55,4,F,13523
1920,55,5,M,184469
1920,55,5,F,416537
1920,55,6,M,193849
1920,55,6,F,148141
1920,60,1,M,1147749
1920,60,1,F,742176
1920,60,2,M,64287
1920,60,2,F,36123
1920,60,4,M,14727
1920,60,4,F,9788
1920,60,5,M,214247
1920,60,5,F,483167
1920,60,6,M,146539
1920,60,6,F,111623
1920,65,1,M,753162
1920,65,1,F,445700
1920,65,2,M,40775
1920,65,2,F,26844
1920,65,4,M,8577
1920,65,4,F,4843
1920,65,5,M,201006
1920,65,5,F,442479
1920,65,6,M,92436
1920,65,6,F,70035
1920,70,1,M,437808
1920,70,1,F,217252
1920,70,2,M,22906
1920,70,2,F,14928
1920,70,4,M,6361
1920,70,4,F,3129
1920,70,5,M,197077
1920,70,5,F,405051
1920,70,6,M,50466
1920,70,6,F,49737
1920,75,1,M,226157
1920,75,1,F,92430
1920,75,2,M,16042
1920,75,2,F,8980
1920,75,4,M,3631
1920,75,4,F,808
1920,75,5,M,145423
1920,75,5,F,309795
1920,75,6,M,26039
1920,75,6,F,27452
1920,80,1,M,80129
1920,80,1,F,23214
1920,80,2,M,8578
1920,80,2,F,3735
1920,80,4,M,1010
1920,80,4,F,202
1920,80,5,M,86789
1920,80,5,F,169937
1920,80,6,M,10494
1920,80,6,F,14022
1920,85,1,M,28153
1920,85,1,F,6961
1920,85,2,M,3030
1920,85,2,F,1915
1920,85,4,M,505
1920,85,4,F,101
1920,85,5,M,39460
1920,85,5,F,77998
1920,85,6,M,4843
1920,85,6,F,5854
1920,90,1,M,6256
1920,90,1,F,2015
1920,90,2,M,1009
1920,90,2,F,606
1920,90,5,M,12813
1920,90,5,F,27749
1920,90,6,M,2320
1920,90,6,F,1715
1930,0,6,M,5875250
1930,0,6,F,5662530
1930,5,6,M,6542592
1930,5,6,F,6129561
1930,10,1,F,4045
1930,10,2,M,506
1930,10,2,F,2024
1930,10,4,F,505
1930,10,6,M,6064314
1930,10,6,F,5979955
1930,15,1,M,74806
1930,15,1,F,688528
1930,15,2,M,19719
1930,15,2,F,67243
1930,15,4,M,505
1930,15,4,F,13651
1930,15,5,M,3538
1930,15,5,F,10108
1930,15,6,M,5610884
1930,15,6,F,4990057
1930,20,1,M,1379068
1930,20,1,F,2702571
1930,20,2,M,122832
1930,20,2,F,177946
1930,20,4,M,22752
1930,20,4,F,72303
1930,20,5,M,35889
1930,20,5,F,58648
1930,20,6,M,3745451
1930,20,6,F,2553914
1930,25,1,M,2913368
1930,25,1,F,3589747
1930,25,2,M,149638
1930,25,2,F,167335
1930,25,4,M,49037
1930,25,4,F,93526
1930,25,5,M,43971
1930,25,5,F,102626
1930,25,6,M,1773839
1930,25,6,F,1096995
1930,30,1,M,3219778
1930,30,1,F,3460843
1930,30,2,M,157226
1930,30,2,F,149123
1930,30,4,M,55607
1930,30,4,F,86438
1930,30,5,M,62175
1930,30,5,F,140530
1930,30,6,M,929622
1930,30,6,F,618279
1930,35,1,M,3590758
1930,35,1,F,3650468
1930,35,2,M,157215
1930,35,2,F,140528
1930,35,4,M,74811
1930,35,4,F,80882
1930,35,5,M,109702
1930,35,5,F,224460
1930,35,6,M,644045
1930,35,6,F,497438
1930,40,1,M,3243023
1930,40,1,F,2930543
1930,40,2,M,148114
1930,40,2,F,122342
1930,40,4,M,60670
1930,40,4,F,58141
1930,40,5,M,126387
1930,40,5,F,306846
1930,40,6,M,496945
1930,40,6,F,336150
1930,45,1,M,2866278
1930,45,1,F,2540717
1930,45,2,M,146087
1930,45,2,F,98067
1930,45,4,M,59146
1930,45,4,F,65219
1930,45,5,M,159254
1930,45,5,F,391785
1930,45,6,M,402387
1930,45,6,F,300770
1930,50,1,M,2447194
1930,50,1,F,1957373
1930,50,2,M,101111
1930,50,2,F,106669
1930,50,4,M,53083
1930,50,4,F,42466
1930,50,5,M,188041
1930,50,5,F,461547
1930,50,6,M,338679
1930,50,6,F,241136
1930,55,1,M,1885100
1930,55,1,F,1461453
1930,55,2,M,89988
1930,55,2,F,76847
1930,55,4,M,38922
1930,55,4,F,28312
1930,55,5,M,186531
1930,55,5,F,544447
1930,55,6,M,233536
1930,55,6,F,187555
1930,60,1,M,1414447
1930,60,1,F,970628
1930,60,2,M,70273
1930,60,2,F,62683
1930,60,4,M,30335
1930,60,4,F,16684
1930,60,5,M,242162
1930,60,5,F,581363
1930,60,6,M,170347
1930,60,6,F,152157
1930,65,1,M,954439
1930,65,1,F,577818
1930,65,2,M,61686
1930,65,2,F,41461
1930,65,4,M,17694
1930,65,4,F,7584
1930,65,5,M,233039
1930,65,5,F,567715
1930,65,6,M,130417
1930,65,6,F,112734
1930,70,1,M,560621
1930,70,1,F,304319
1930,70,2,M,31847
1930,70,2,F,33358
1930,70,4,M,7079
1930,70,4,F,6067
1930,70,5,M,242658
1930,70,5,F,500974
1930,70,6,M,76840
1930,70,6,F,73791
1930,75,1,M,281575
1930,75,1,F,95044
1930,75,2,M,20727
1930,75,2,F,21737
1930,75,4,M,8091
1930,75,4,F,2525
1930,75,5,M,190088
1930,75,5,F,356393
1930,75,6,M,35894
1930,75,6,F,47017
1930,80,1,M,111226
1930,80,1,F,36399
1930,80,2,M,13147
1930,80,2,F,11117
1930,80,4,M,1011
1930,80,4,F,505
1930,80,5,M,102621
1930,80,5,F,215338
1930,80,6,M,18703
1930,80,6,F,20220
1930,85,1,M,32863
1930,85,1,F,10116
1930,85,2,M,5056
1930,85,2,F,6066
1930,85,4,M,1011
1930,85,4,F,505
1930,85,5,M,41958
1930,85,5,F,84433
1930,85,6,M,8090
1930,85,6,F,8090
1930,90,1,M,6573
1930,90,1,F,505
1930,90,2,M,1011
1930,90,2,F,2021
1930,90,5,M,18710
1930,90,5,F,38934
1930,90,6,M,4044
1930,90,6,F,2023
1940,0,6,M,5294628
1940,0,6,F,5124653
1940,5,6,M,5468378
1940,5,6,F,5359099
1940,10,1,M,997
1940,10,1,F,4716
1940,10,2,M,2313
1940,10,2,F,1777
1940,10,4,M,303
1940,10,4,F,303
1940,10,5,M,404
1940,10,5,F,707
1940,10,6,M,5956399
1940,10,6,F,5861029
1940,15,1,M,81996
1940,15,1,F,647208
1940,15,2,M,30981
1940,15,2,F,74576
1940,15,4,M,2709
1940,15,4,F,11296
1940,15,5,M,4432
1940,15,5,F,10037
1940,15,6,M,6044991
1940,15,6,F,5450584
1940,20,1,M,1445029
1940,20,1,F,2822376
1940,20,2,M,137453
1940,20,2,F,221279
1940,20,4,M,21948
1940,20,4,F,57936
1940,20,5,M,12415
1940,20,5,F,37052
1940,20,6,M,4065569
1940,20,6,F,2757359
1940,25,1,M,3202770
1940,25,1,F,3961990
1940,25,2,M,215048
1940,25,2,F,254159
1940,25,4,M,46222
1940,25,4,F,104139
1940,25,5,M,22766
1940,25,5,F,76650
1940,25,6,M,1951360
1940,25,6,F,1267306
1940,30,1,M,3676795
1940,30,1,F,3921685
1940,30,2,M,208159
1940,30,2,F,237705
1940,30,4,M,66557
1940,30,4,F,132844
1940,30,5,M,39604
1940,30,5,F,137439
1940,30,6,M,1048933
1940,30,6,F,741849
1940,35,1,M,3664650
1940,35,1,F,3678497
1940,35,2,M,218781
1940,35,2,F,234953
1940,35,4,M,72861
1940,35,4,F,128160
1940,35,5,M,63251
1940,35,5,F,219486
1940,35,6,M,705261
1940,35,6,F,530713
1940,40,1,M,3488598
1940,40,1,F,3357317
1940,40,2,M,219353
1940,40,2,F,201838
1940,40,4,M,89271
1940,40,4,F,110618
1940,40,5,M,97694
1940,40,5,F,314912
1940,40,6,M,542476
1940,40,6,F,409376
1940,45,1,M,3291142
1940,45,1,F,2997763
1940,45,2,M,211756
1940,45,2,F,189332
1940,45,4,M,79769
1940,45,4,F,92110
1940,45,5,M,136501
1940,45,5,F,424233
1940,45,6,M,471019
1940,45,6,F,346852
1940,50,1,M,2912817
1940,50,1,F,2432446
1940,50,2,M,191267
1940,50,2,F,155978
1940,50,4,M,74722
1940,50,4,F,69343
1940,50,5,M,193821
1940,50,5,F,539398
1940,50,6,M,413108
1940,50,6,F,291231
1940,55,1,M,2232604
1940,55,1,F,1775311
1940,55,2,M,150287
1940,55,2,F,115257
1940,55,4,M,55693
1940,55,4,F,50555
1940,55,5,M,220765
1940,55,5,F,627506
1940,55,6,M,312720
1940,55,6,F,241371
1940,60,1,M,1699728
1940,60,1,F,1273674
1940,60,2,M,108239
1940,60,2,F,85715
1940,60,4,M,38770
1940,60,4,F,31683
1940,60,5,M,275792
1940,60,5,F,707344
1940,60,6,M,247703
1940,60,6,F,219374
1940,65,1,M,1285825
1940,65,1,F,830540
1940,65,2,M,88693
1940,65,2,F,62875
1940,65,4,M,31005
1940,65,4,F,20438
1940,65,5,M,303145
1940,65,5,F,812726
1940,65,6,M,189010
1940,65,6,F,184538
1940,70,1,M,778233
1940,70,1,F,408277
1940,70,2,M,55269
1940,70,2,F,32712
1940,70,4,M,16450
1940,70,4,F,11072
1940,70,5,M,303522
1940,70,5,F,711987
1940,70,6,M,126549
1940,70,6,F,123663
1940,75,1,M,370945
1940,75,1,F,161517
1940,75,2,M,32065
1940,75,2,F,19491
1940,75,4,M,7472
1940,75,4,F,4321
1940,75,5,M,234860
1940,75,5,F,512908
1940,75,6,M,68533
1940,75,6,F,66678
1940,80,1,M,152792
1940,80,1,F,50974
1940,80,2,M,15370
1940,80,2,F,8367
1940,80,4,M,3072
1940,80,4,F,1590
1940,80,5,M,156014
1940,80,5,F,315880
1940,80,6,M,32170
1940,80,6,F,37950
1940,85,1,M,40816
1940,85,1,F,9203
1940,85,2,M,5988
1940,85,2,F,3232
1940,85,4,M,694
1940,85,4,F,505
1940,85,5,M,68087
1940,85,5,F,127335
1940,85,6,M,11718
1940,85,6,F,11856
1940,90,1,M,9818
1940,90,1,F,2061
1940,90,2,M,1277
1940,90,2,F,1566
1940,90,4,M,505
1940,90,4,F,202
1940,90,5,M,25429
1940,90,5,F,48024
1940,90,6,M,5234
1940,90,6,F,6266
1950,0,6,M,8211806
1950,0,6,F,7862267
1950,5,6,M,6706601
1950,5,6,F,6450863
1950,10,1,M,576
1950,10,1,F,3944
1950,10,2,M,6542
1950,10,2,F,6299
1950,10,3,M,929
1950,10,3,F,792
1950,10,4,M,707
1950,10,4,F,726
1950,10,5,M,1786
1950,10,5,F,2201
1950,10,6,M,5619204
1950,10,6,F,5416873
1950,15,1,M,123617
1950,15,1,F,814627
1950,15,2,M,47549
1950,15,2,F,84131
1950,15,3,M,11961
1950,15,3,F,45429
1950,15,4,M,9490
1950,15,4,F,20810
1950,15,5,M,7949
1950,15,5,F,12527
1950,15,6,M,5063563
1950,15,6,F,4311218
1950,20,1,M,2060708
1950,20,1,F,3581812
1950,20,2,M,149502
1950,20,2,F,170386
1950,20,3,M,65163
1950,20,3,F,133070
1950,20,4,M,52401
1950,20,4,F,96781
1950,20,5,M,11039
1950,20,5,F,30918
1950,20,6,M,3234495
1950,20,6,F,1841260
1950,25,1,M,4180884
1950,25,1,F,4961746
1950,25,2,M,213126
1950,25,2,F,168810
1950,25,3,M,94588
1950,25,3,F,158149
1950,25,4,M,98808
1950,25,4,F,162514
1950,25,5,M,17545
1950,25,5,F,53822
1950,25,6,M,1402303
1950,25,6,F,812291
1950,30,1,M,4527153
1950,30,1,F,4807041
1950,30,2,M,186357
1950,30,2,F,128245
1950,30,3,M,88364
1950,30,3,F,150738
1950,30,4,M,116377
1950,30,4,F,179399
1950,30,5,M,20659
1950,30,5,F,96607
1950,30,6,M,737112
1950,30,6,F,533148
1950,35,1,M,4543830
1950,35,1,F,4606549
1950,35,2,M,171990
1950,35,2,F,119245
1950,35,3,M,100880
1950,35,3,F,159418
1950,35,4,M,127597
1950,35,4,F,192843
1950,35,5,M,35230
1950,35,5,F,163771
1950,35,6,M,531837
1950,35,6,F,454435
1950,40,1,M,4171377
1950,40,1,F,4051522
1950,40,2,M,161012
1950,40,2,F,129464
1950,40,3,M,99745
1950,40,3,F,136607
1950,40,4,M,131557
1950,40,4,F,201409
1950,40,5,M,60428
1950,40,5,F,268211
1950,40,6,M,452866
1950,40,6,F,412011
1950,45,1,M,3693823
1950,45,1,F,3440397
1950,45,2,M,144040
1950,45,2,F,106491
1950,45,3,M,95866
1950,45,3,F,115431
1950,45,4,M,126542
1950,45,4,F,168750
1950,45,5,M,96972
1950,45,5,F,410583
1950,45,6,M,375934
1950,45,6,F,354190
1950,50,1,M,3333434
1950,50,1,F,2913329
1950,50,2,M,151063
1950,50,2,F,106216
1950,50,3,M,87584
1950,50,3,F,98166
1950,50,4,M,118309
1950,50,4,F,138079
1950,50,5,M,158527
1950,50,5,F,588696
1950,50,6,M,350247
1950,50,6,F,302809
1950,55,1,M,2870201
1950,55,1,F,2332697
1950,55,2,M,101832
1950,55,2,F,68285
1950,55,3,M,69492
1950,55,3,F,66681
1950,55,4,M,108429
1950,55,4,F,99238
1950,55,5,M,210578
1950,55,5,F,757106
1950,55,6,M,306819
1950,55,6,F,271151
1950,60,1,M,2259784
1950,60,1,F,1691091
1950,60,2,M,98350
1950,60,2,F,62422
1950,60,3,M,62751
1950,60,3,F,49494
1950,60,4,M,81150
1950,60,4,F,63754
1950,60,5,M,276401
1950,60,5,F,899735
1950,60,6,M,256602
1950,60,6,F,243272
1950,65,1,M,1676163
1950,65,1,F,1158322
1950,65,2,M,74115
1950,65,2,F,43072
1950,65,3,M,45571
1950,65,3,F,36822
1950,65,4,M,55658
1950,65,4,F,39023
1950,65,5,M,361433
1950,65,5,F,1061159
1950,65,6,M,208294
1950,65,6,F,209852
1950,70,1,M,1022098
1950,70,1,F,611082
1950,70,2,M,47623
1950,70,2,F,32112
1950,70,3,M,28096
1950,70,3,F,15094
1950,70,4,M,26553
1950,70,4,F,19378
1950,70,5,M,368003
1950,70,5,F,948956
1950,70,6,M,135547
1950,70,6,F,160209
1950,75,1,M,567210
1950,75,1,F,260116
1950,75,2,M,25162
1950,75,2,F,20353
1950,75,3,M,14490
1950,75,3,F,5595
1950,75,4,M,15275
1950,75,4,F,7453
1950,75,5,M,308783
1950,75,5,F,747037
1950,75,6,M,75610
1950,75,6,F,107915
1950,80,1,M,228375
1950,80,1,F,80068
1950,80,2,M,14931
1950,80,2,F,10922
1950,80,3,M,6294
1950,80,3,F,2306
1950,80,4,M,8252
1950,80,4,F,3353
1950,80,5,M,222548
1950,80,5,F,486169
1950,80,6,M,31327
1950,80,6,F,54899
1950,85,1,M,60586
1950,85,1,F,14657
1950,85,2,M,3132
1950,85,2,F,4775
1950,85,3,M,1602
1950,85,3,F,1217
1950,85,4,M,1170
1950,85,4,F,491
1950,85,5,M,106686
1950,85,5,F,200986
1950,85,6,M,9645
1950,85,6,F,20672
1950,90,1,M,11615
1950,90,1,F,2434
1950,90,2,M,1802
1950,90,2,F,1286
1950,90,3,M,687
1950,90,4,M,596
1950,90,4,F,327
1950,90,5,M,36949
1950,90,5,F,76892
1950,90,6,M,3187
1950,90,6,F,9827
1960,0,6,M,10374975
1960,0,6,F,10146999
1960,5,6,M,9495503
1960,5,6,F,9250741
1960,10,1,M,1696
1960,10,1,F,5680
1960,10,2,M,5376
1960,10,2,F,5978
1960,10,3,M,997
1960,10,3,F,598
1960,10,4,M,200
1960,10,4,F,297
1960,10,5,F,497
1960,10,6,M,8555431
1960,10,6,F,8297714
1960,15,1,M,195859
1960,15,1,F,901974
1960,15,2,M,48012
1960,15,2,F,107296
1960,15,3,M,10461
1960,15,3,F,43229
1960,15,4,M,6773
1960,15,4,F,23214
1960,15,5,M,1491
1960,15,5,F,5482
1960,15,6,M,6358306
1960,15,6,F,5536298
1960,20,1,M,2207220
1960,20,1,F,3510242
1960,20,2,M,158155
1960,20,2,F,173646
1960,20,3,M,60283
1960,20,3,F,132104
1960,20,4,M,54680
1960,20,4,F,102903
1960,20,5,M,5279
1960,20,5,F,19324
1960,20,6,M,2782767
1960,20,6,F,1575276
1960,25,1,M,3892322
1960,25,1,F,4505911
1960,25,2,M,130880
1960,25,2,F,131824
1960,25,3,M,79892
1960,25,3,F,152525
1960,25,4,M,95324
1960,25,4,F,142827
1960,25,5,M,10664
1960,25,5,F,34661
1960,25,6,M,1102723
1960,25,6,F,580511
1960,30,1,M,4728474
1960,30,1,F,5120800
1960,30,2,M,132355
1960,30,2,F,107988
1960,30,3,M,96340
1960,30,3,F,177011
1960,30,4,M,124423
1960,30,4,F,192464
1960,30,5,M,17224
1960,30,5,F,72714
1960,30,6,M,702526
1960,30,6,F,419885
1960,35,1,M,5123310
1960,35,1,F,5402969
1960,35,2,M,131888
1960,35,2,F,103290
1960,35,3,M,94533
1960,35,3,F,179401
1960,35,4,M,146217
1960,35,4,F,231000
1960,35,5,M,29480
1960,35,5,F,135614
1960,35,6,M,537635
1960,35,6,F,379063
1960,40,1,M,4819798
1960,40,1,F,4857927
1960,40,2,M,105879
1960,40,2,F,94932
1960,40,3,M,98323
1960,40,3,F,156918
1960,40,4,M,157132
1960,40,4,F,236979
1960,40,5,M,48220
1960,40,5,F,238593
1960,40,6,M,428591
1960,40,6,F,355171
1960,45,1,M,4525984
1960,45,1,F,4315764
1960,45,2,M,95936
1960,45,2,F,88056
1960,45,3,M,102327
1960,45,3,F,139449
1960,45,4,M,162322
1960,45,4,F,240392
1960,45,5,M,72993
1960,45,5,F,371279
1960,45,6,M,386096
1960,45,6,F,361088
1960,50,1,M,3969355
1960,50,1,F,3610092
1960,50,2,M,93232
1960,50,2,F,78319
1960,50,3,M,85280
1960,50,3,F,110784
1960,50,4,M,145661
1960,50,4,F,207637
1960,50,5,M,105488
1960,50,5,F,542481
1960,50,6,M,364348
1960,50,6,F,379531
1960,55,1,M,3380912
1960,55,1,F,2923621
1960,55,2,M,85176
1960,55,2,F,69730
1960,55,3,M,78782
1960,55,3,F,90544
1960,55,4,M,129327
1960,55,4,F,171953
1960,55,5,M,162369
1960,55,5,F,785505
1960,55,6,M,334015
1960,55,6,F,361525
1960,60,1,M,2692191
1960,60,1,F,2160899
1960,60,2,M,70536
1960,60,2,F,61571
1960,60,3,M,57290
1960,60,3,F,62038
1960,60,4,M,107387
1960,60,4,F,125495
1960,60,5,M,218375
1960,60,5,F,1026878
1960,60,6,M,259514
1960,60,6,F,286958
1960,65,1,M,2163615
1960,65,1,F,1592344
1960,65,2,M,54884
1960,65,2,F,48618
1960,65,3,M,45528
1960,65,3,F,44329
1960,65,4,M,76930
1960,65,4,F,84960
1960,65,5,M,300334
1960,65,5,F,1243959
1960,65,6,M,218080
1960,65,6,F,254489
1960,70,1,M,1468957
1960,70,1,F,919703
1960,70,2,M,42943
1960,70,2,F,37369
1960,70,3,M,31685
1960,70,3,F,26206
1960,70,4,M,47123
1960,70,4,F,49706
1960,70,5,M,354007
1960,70,5,F,1274235
1960,70,6,M,171048
1960,70,6,F,209260
1960,75,1,M,802855
1960,75,1,F,410735
1960,75,2,M,30379
1960,75,2,F,25509
1960,75,3,M,18039
1960,75,3,F,12941
1960,75,4,M,29381
1960,75,4,F,24991
1960,75,5,M,329012
1960,75,5,F,1025734
1960,75,6,M,99247
1960,75,6,F,141461
1960,80,1,M,306745
1960,80,1,F,121818
1960,80,2,M,17525
1960,80,2,F,15844
1960,80,3,M,7869
1960,80,3,F,5181
1960,80,4,M,11848
1960,80,4,F,8869
1960,80,5,M,232302
1960,80,5,F,624624
1960,80,6,M,43634
1960,80,6,F,80616
1960,85,1,M,93654
1960,85,1,F,25216
1960,85,2,M,8952
1960,85,2,F,5773
1960,85,3,M,3190
1960,85,3,F,698
1960,85,4,M,3684
1960,85,4,F,3085
1960,85,5,M,127025
1960,85,5,F,311036
1960,85,6,M,16740
1960,85,6,F,38764
1960,90,1,M,19526
1960,90,1,F,6778
1960,90,2,M,2292
1960,90,2,F,1094
1960,90,3,M,697
1960,90,3,F,499
1960,90,4,M,698
1960,90,4,F,1492
1960,90,5,M,47314
1960,90,5,F,111672
1960,90,6,M,5381
1960,90,6,F,14239
1970,0,6,M,8685121
1970,0,6,F,8326887
1970,5,6,M,10411131
1970,5,6,F,10003293
1970,10,1,M,13626
1970,10,1,F,13724
1970,10,2,M,5007
1970,10,2,F,5812
1970,10,3,M,1703
1970,10,3,F,2704
1970,10,4,M,2006
1970,10,4,F,3205
1970,10,5,M,1806
1970,10,5,F,6012
1970,10,6,M,10732255
1970,10,6,F,10312081
1970,15,1,M,302393
1970,15,1,F,888209
1970,15,2,M,53192
1970,15,2,F,142848
1970,15,3,M,20544
1970,15,3,F,52000
1970,15,4,M,15526
1970,15,4,F,30951
1970,15,5,M,7316
1970,15,5,F,25751
1970,15,6,M,9206428
1970,15,6,F,8274525
1970,20,1,M,3024311
1970,20,1,F,4559250
1970,20,2,M,222751
1970,20,2,F,273134
1970,20,3,M,92958
1970,20,3,F,219755
1970,20,4,M,106705
1970,20,4,F,212652
1970,20,5,M,14134
1970,20,5,F,57284
1970,20,6,M,4268343
1970,20,6,F,3019755
1970,25,1,M,4797911
1970,25,1,F,5297719
1970,25,2,M,131105
1970,25,2,F,144032
1970,25,3,M,113431
1970,25,3,F,244122
1970,25,4,M,195442
1970,25,4,F,298188
1970,25,5,M,18533
1970,25,5,F,73345
1970,25,6,M,1282879
1970,25,6,F,845635
1970,30,1,M,4532137
1970,30,1,F,4720180
1970,30,2,M,110683
1970,30,2,F,110195
1970,30,3,M,97250
1970,30,3,F,209862
1970,30,4,M,172277
1970,30,4,F,287572
1970,30,5,M,16334
1970,30,5,F,93356
1970,30,6,M,591198
1970,30,6,F,430276
1970,35,1,M,4540054
1970,35,1,F,4629984
1970,35,2,M,106168
1970,35,2,F,104465
1970,35,3,M,99340
1970,35,3,F,199960
1970,35,4,M,176593
1970,35,4,F,310226
1970,35,5,M,28840
1970,35,5,F,127421
1970,35,6,M,445737
1970,35,6,F,335965
1970,40,1,M,4820024
1970,40,1,F,4922219
1970,40,2,M,100664
1970,40,2,F,100658
1970,40,3,M,108567
1970,40,3,F,200060
1970,40,4,M,217582
1970,40,4,F,350900
1970,40,5,M,50795
1970,40,5,F,225548
1970,40,6,M,420906
1970,40,6,F,329934
1970,45,1,M,4896512
1970,45,1,F,4874149
1970,45,2,M,95232
1970,45,2,F,91359
1970,45,3,M,112198
1970,45,3,F,176094
1970,45,4,M,226857
1970,45,4,F,353978
1970,45,5,M,78415
1970,45,5,F,374514
1970,45,6,M,384906
1970,45,6,F,328648
1970,50,1,M,4465080
1970,50,1,F,4303281
1970,50,2,M,84629
1970,50,2,F,85547
1970,50,3,M,105057
1970,50,3,F,140622
1970,50,4,M,192014
1970,50,4,F,322665
1970,50,5,M,114292
1970,50,5,F,598898
1970,50,6,M,337240
1970,50,6,F,332804
1970,55,1,M,3948534
1970,55,1,F,3570862
1970,55,2,M,80837
1970,55,2,F,78433
1970,55,3,M,83726
1970,55,3,F,117021
1970,55,4,M,187153
1970,55,4,F,269354
1970,55,5,M,150058
1970,55,5,F,855731
1970,55,6,M,312603
1970,55,6,F,330763
1970,60,1,M,3272158
1970,60,1,F,2721395
1970,60,2,M,75638
1970,60,2,F,66921
1970,60,3,M,71418
1970,60,3,F,82934
1970,60,4,M,148143
1970,60,4,F,217748
1970,60,5,M,199719
1970,60,5,F,1153895
1970,60,6,M,270567
1970,60,6,F,334358
1970,65,1,M,2411182
1970,65,1,F,1914777
1970,65,2,M,59696
1970,65,2,F,53796
1970,65,3,M,53490
1970,65,3,F,61505
1970,65,4,M,114884
1970,65,4,F,150622
1970,65,5,M,277077
1970,65,5,F,1423424
1970,65,6,M,226277
1970,65,6,F,290703
1970,70,1,M,1695098
1970,70,1,F,1153885
1970,70,2,M,49606
1970,70,2,F,49494
1970,70,3,M,36752
1970,70,3,F,36674
1970,70,4,M,70128
1970,70,4,F,104967
1970,70,5,M,319542
1970,70,5,F,1539232
1970,70,6,M,169700
1970,70,6,F,253757
1970,75,1,M,1051035
1970,75,1,F,584668
1970,75,2,M,45284
1970,75,2,F,37464
1970,75,3,M,21035
1970,75,3,F,22441
1970,75,4,M,39460
1970,75,4,F,58181
1970,75,5,M,325973
1970,75,5,F,1399719
1970,75,6,M,116482
1970,75,6,F,190903
1970,80,1,M,470364
1970,80,1,F,205945
1970,80,2,M,33568
1970,80,2,F,24840
1970,80,3,M,11913
1970,80,3,F,8818
1970,80,4,M,21035
1970,80,4,F,28945
1970,80,5,M,281974
1970,80,5,F,1025390
1970,80,6,M,67301
1970,80,6,F,123615
1970,85,1,M,142846
1970,85,1,F,54581
1970,85,2,M,15923
1970,85,2,F,10917
1970,85,3,M,5408
1970,85,3,F,4103
1970,85,4,M,9913
1970,85,4,F,11324
1970,85,5,M,168092
1970,85,5,F,513367
1970,85,6,M,28941
1970,85,6,F,64219
1970,90,1,M,64710
1970,90,1,F,33147
1970,90,2,M,7309
1970,90,2,F,5810
1970,90,3,M,3605
1970,90,3,F,2606
1970,90,4,M,5709
1970,90,4,F,7109
1970,90,5,M,76238
1970,90,5,F,225279
1970,90,6,M,28931
1970,90,6,F,40978
1980,0,6,M,8439366
1980,0,6,F,8081854
1980,5,2,F,20
1980,5,3,F,20
1980,5,6,M,8680730
1980,5,6,F,8275841
1980,10,3,F,20
1980,10,6,M,9452338
1980,10,6,F,9048463
1980,15,1,M,212860
1980,15,1,F,753617
1980,15,2,M,59111
1980,15,2,F,78789
1980,15,3,M,16571
1980,15,3,F,53845
1980,15,4,M,12029
1980,15,4,F,40644
1980,15,5,M,1701
1980,15,5,F,6505
1980,15,6,M,10396584
1980,15,6,F,9476871
1980,20,1,M,2825489
1980,20,1,F,4320450
1980,20,2,M,168930
1980,20,2,F,144308
1980,20,3,M,139607
1980,20,3,F,286678
1980,20,4,M,234777
1980,20,4,F,446153
1980,20,5,M,5464
1980,20,5,F,24061
1980,20,6,M,7112509
1980,20,6,F,5393297
1980,25,1,M,5501113
1980,25,1,F,6294178
1980,25,2,M,165034
1980,25,2,F,117493
1980,25,3,M,241812
1980,25,3,F,375360
1980,25,4,M,639352
1980,25,4,F,889871
1980,25,5,M,11563
1980,25,5,F,51938
1980,25,6,M,3065179
1980,25,6,F,2099063
1980,30,1,M,6292360
1980,30,1,F,6489817
1980,30,2,M,125460
1980,30,2,F,90065
1980,30,3,M,235845
1980,30,3,F,355344
1980,30,4,M,751384
1980,30,4,F,994486
1980,30,5,M,16274
1980,30,5,F,82175
1980,30,6,M,1284512
1980,30,6,F,943338
1980,35,1,M,5380576
1980,35,1,F,5361454
1980,35,2,M,93503
1980,35,2,F,71443
1980,35,3,M,182478
1980,35,3,F,285735
1980,35,4,M,581938
1980,35,4,F,824673
1980,35,5,M,22782
1980,35,5,F,111924
1980,35,6,M,590792
1980,35,6,F,479010
1980,40,1,M,4598361
1980,40,1,F,4516473
1980,40,2,M,76397
1980,40,2,F,56444
1980,40,3,M,151762
1980,40,3,F,229260
1980,40,4,M,457898
1980,40,4,F,665619
1980,40,5,M,30604
1980,40,5,F,168729
1980,40,6,M,377126
1980,40,6,F,317385
1980,45,1,M,4376612
1980,45,1,F,4327756
1980,45,2,M,67972
1980,45,2,F,51180
1980,45,3,M,129479
1980,45,3,F,194019
1980,45,4,M,397906
1980,45,4,F,574174
1980,45,5,M,52529
1980,45,5,F,285487
1980,45,6,M,317971
1980,45,6,F,264927
1980,50,1,M,4605285
1980,50,1,F,4514928
1980,50,2,M,63475
1980,50,2,F,52995
1980,50,3,M,124403
1980,50,3,F,178822
1980,50,4,M,379263
1980,50,4,F,549854
1980,50,5,M,98455
1980,50,5,F,534450
1980,50,6,M,332828
1980,50,6,F,279068
1980,55,1,M,4542601
1980,55,1,F,4325777
1980,55,2,M,62684
1980,55,2,F,54188
1980,55,3,M,105040
1980,55,3,F,145809
1980,55,4,M,313576
1980,55,4,F,477595
1980,55,5,M,153654
1980,55,5,F,865861
1980,55,6,M,307543
1980,55,6,F,290999
1980,60,1,M,3876112
1980,60,1,F,3430650
1980,60,2,M,52963
1980,60,2,F,46649
1980,60,3,M,78610
1980,60,3,F,104438
1980,60,4,M,232338
1980,60,4,F,356691
1980,60,5,M,212651
1980,60,5,F,1237326
1980,60,6,M,243466
1980,60,6,F,281131
1980,65,1,M,3121054
1980,65,1,F,2565598
1980,65,2,M,48302
1980,65,2,F,44125
1980,65,3,M,60315
1980,65,3,F,70857
1980,65,4,M,169971
1980,65,4,F,266154
1980,65,5,M,284341
1980,65,5,F,1661622
1980,65,6,M,209527
1980,65,6,F,288591
1980,70,1,M,2189629
1980,70,1,F,1599296
1980,70,2,M,46430
1980,70,2,F,41030
1980,70,3,M,40386
1980,70,3,F,43345
1980,70,4,M,105413
1980,70,4,F,179570
1980,70,5,M,321577
1980,70,5,F,1838584
1980,70,6,M,154339
1980,70,6,F,261616
1980,75,1,M,1291556
1980,75,1,F,805195
1980,75,2,M,42662
1980,75,2,F,39811
1980,75,3,M,22249
1980,75,3,F,22979
1980,75,4,M,60284
1980,75,4,F,107671
1980,75,5,M,322095
1980,75,5,F,1771845
1980,75,6,M,101592
1980,75,6,F,204258
1980,80,1,M,606368
1980,80,1,F,298826
1980,80,2,M,36920
1980,80,2,F,32056
1980,80,3,M,9407
1980,80,3,F,10189
1980,80,4,M,26920
1980,80,4,F,53054
1980,80,5,M,275133
1980,80,5,F,1386883
1980,80,6,M,58138
1980,80,6,F,138284
1980,85,1,M,217604
1980,85,1,F,78797
1980,85,2,M,25696
1980,85,2,F,18617
1980,85,3,M,3880
1980,85,3,F,3842
1980,85,4,M,10069
1980,85,4,F,21898
1980,85,5,M,188634
1980,85,5,F,821996
1980,85,6,M,26455
1980,85,6,F,77965
1980,90,1,M,62644
1980,90,1,F,17412
1980,90,2,M,13991
1980,90,2,F,8906
1980,90,3,M,2221
1980,90,3,F,1420
1980,90,4,M,4164
1980,90,4,F,8926
1980,90,5,M,108982
1980,90,5,F,420291
1980,90,6,M,12146
1980,90,6,F,42091
1990,0,6,M,9307465
1990,0,6,F,8894007
1990,5,6,M,9274732
1990,5,6,F,8799955
1990,10,6,M,8782542
1990,10,6,F,8337284
1990,15,1,M,93309
1990,15,1,F,315201
1990,15,2,M,72390
1990,15,2,F,86644
1990,15,3,M,12625
1990,15,3,F,30933
1990,15,4,M,10643
1990,15,4,F,22060
1990,15,5,M,2963
1990,15,5,F,9047
1990,15,6,M,8828642
1990,15,6,F,8127106
1990,20,1,M,1531622
1990,20,1,F,2571602
1990,20,2,M,238708
1990,20,2,F,190691
1990,20,3,M,97370
1990,20,3,F,199817
1990,20,4,M,139696
1990,20,4,F,274427
1990,20,5,M,5333
1990,20,5,F,15657
1990,20,6,M,7423459
1990,20,6,F,5900450
1990,25,1,M,4706891
1990,25,1,F,5807666
1990,25,2,M,326802
1990,25,2,F,213507
1990,25,3,M,235837
1990,25,3,F,374869
1990,25,4,M,576204
1990,25,4,F,817478
1990,25,5,M,11893
1990,25,5,F,39757
1990,25,6,M,4800400
1990,25,6,F,3334015
1990,30,1,M,6680957
1990,30,1,F,7217147
1990,30,2,M,292267
1990,30,2,F,177786
1990,30,3,M,295007
1990,30,3,F,434475
1990,30,4,M,969577
1990,30,4,F,1227775
1990,30,5,M,18404
1990,30,5,F,79036
1990,30,6,M,2772500
1990,30,6,F,1969531
1990,35,1,M,6708885
1990,35,1,F,6862320
1990,35,2,M,227177
1990,35,2,F,139539
1990,35,3,M,271709
1990,35,3,F,392004
1990,35,4,M,1110342
1990,35,4,F,1384361
1990,35,5,M,27143
1990,35,5,F,113491
1990,35,6,M,1508677
1990,35,6,F,1146929
1990,40,1,M,6327195
1990,40,1,F,6148148
1990,40,2,M,176485
1990,40,2,F,114881
1990,40,3,M,241878
1990,40,3,F,333114
1990,40,4,M,1077261
1990,40,4,F,1454786
1990,40,5,M,40695
1990,40,5,F,181377
1990,40,6,M,849118
1990,40,6,F,695946
1990,45,1,M,5161298
1990,45,1,F,4940092
1990,45,2,M,131680
1990,45,2,F,92224
1990,45,3,M,181273
1990,45,3,F,239494
1990,45,4,M,840998
1990,45,4,F,1165200
1990,45,5,M,50108
1990,45,5,F,260206
1990,45,6,M,482725
1990,45,6,F,417913
1990,50,1,M,4305482
1990,50,1,F,4088111
1990,50,2,M,100970
1990,50,2,F,75155
1990,50,3,M,135735
1990,50,3,F,181441
1990,50,4,M,613729
1990,50,4,F,863699
1990,50,5,M,74972
1990,50,5,F,403495
1990,50,6,M,323104
1990,50,6,F,288024
1990,55,1,M,3954574
1990,55,1,F,3696268
1990,55,2,M,84268
1990,55,2,F,67520
1990,55,3,M,105084
1990,55,3,F,135435
1990,55,4,M,458880
1990,55,4,F,672532
1990,55,5,M,121038
1990,55,5,F,649222
1990,55,6,M,257826
1990,55,6,F,239529
1990,60,1,M,3932138
1990,60,1,F,3566828
1990,60,2,M,73768
1990,60,2,F,66657
1990,60,3,M,86778
1990,60,3,F,110348
1990,60,4,M,382067
1990,60,4,F,556934
1990,60,5,M,214088
1990,60,5,F,1115196
1990,60,6,M,264983
1990,60,6,F,247242
1990,65,1,M,3587732
1990,65,1,F,3092299
1990,65,2,M,71243
1990,65,2,F,65017
1990,65,3,M,67501
1990,65,3,F,82170
1990,65,4,M,276294
1990,65,4,F,439205
1990,65,5,M,314925
1990,65,5,F,1658206
1990,65,6,M,220703
1990,65,6,F,257211
1990,70,1,M,2631225
1990,70,1,F,2035719
1990,70,2,M,65752
1990,70,2,F,63437
1990,70,3,M,42999
1990,70,3,F,47975
1990,70,4,M,163948
1990,70,4,F,278004
1990,70,5,M,370292
1990,70,5,F,1961293
1990,70,6,M,155204
1990,70,6,F,223794
1990,75,1,M,1670143
1990,75,1,F,1164193
1990,75,2,M,65890
1990,75,2,F,61552
1990,75,3,M,24858
1990,75,3,F,27539
1990,75,4,M,90035
1990,75,4,F,177723
1990,75,5,M,385058
1990,75,5,F,2081237
1990,75,6,M,108948
1990,75,6,F,211736
1990,80,1,M,837809
1990,80,1,F,472340
1990,80,2,M,59111
1990,80,2,F,50907
1990,80,3,M,12444
1990,80,3,F,13413
1990,80,4,M,40929
1990,80,4,F,95217
1990,80,5,M,328336
1990,80,5,F,1749187
1990,80,6,M,64367
1990,80,6,F,164666
1990,85,1,M,288153
1990,85,1,F,125660
1990,85,2,M,37724
1990,85,2,F,29560
1990,85,3,M,4651
1990,85,3,F,5013
1990,85,4,M,15287
1990,85,4,F,40322
1990,85,5,M,212629
1990,85,5,F,1121414
1990,85,6,M,30346
1990,85,6,F,97525
1990,90,1,M,75748
1990,90,1,F,21189
1990,90,2,M,19436
1990,90,2,F,11716
1990,90,3,M,1498
1990,90,3,F,2019
1990,90,4,M,5259
1990,90,4,F,16489
1990,90,5,M,124512
1990,90,5,F,641191
1990,90,6,M,12006
1990,90,6,F,52542
2000,0,6,M,9735380
2000,0,6,F,9310714
2000,5,6,M,10552146
2000,5,6,F,10069564
2000,10,6,M,10563233
2000,10,6,F,10022524
2000,15,1,M,76608
2000,15,1,F,250017
2000,15,2,M,306793
2000,15,2,F,259853
2000,15,3,M,22392
2000,15,3,F,31442
2000,15,4,M,13941
2000,15,4,F,18541
2000,15,5,M,13000
2000,15,5,F,13977
2000,15,6,M,9804685
2000,15,6,F,9118839
2000,20,1,M,1304630
2000,20,1,F,2146487
2000,20,2,M,540672
2000,20,2,F,341571
2000,20,3,M,87721
2000,20,3,F,163078
2000,20,4,M,117128
2000,20,4,F,208791
2000,20,5,M,19111
2000,20,5,F,22099
2000,20,6,M,7662053
2000,20,6,F,6442218
2000,25,1,M,3768541
2000,25,1,F,4705672
2000,25,2,M,495025
2000,25,2,F,241867
2000,25,3,M,176450
2000,25,3,F,282578
2000,25,4,M,446398
2000,25,4,F,619418
2000,25,5,M,19337
2000,25,5,F,30889
2000,25,6,M,4753742
2000,25,6,F,3638083
2000,30,1,M,5626772
2000,30,1,F,6240969
2000,30,2,M,471024
2000,30,2,F,214531
2000,30,3,M,234997
2000,30,3,F,358273
2000,30,4,M,814561
2000,30,4,F,1043276
2000,30,5,M,26766
2000,30,5,F,56890
2000,30,6,M,3031759
2000,30,6,F,2205357
2000,35,1,M,7087071
2000,35,1,F,7546252
2000,35,2,M,452139
2000,35,2,F,223377
2000,35,3,M,298173
2000,35,3,F,443863
2000,35,4,M,1248792
2000,35,4,F,1554729
2000,35,5,M,43537
2000,35,5,F,113253
2000,35,6,M,2345470
2000,35,6,F,1754173
2000,40,1,M,7377629
2000,40,1,F,7519647
2000,40,2,M,373972
2000,40,2,F,201436
2000,40,3,M,307672
2000,40,3,F,435183
2000,40,4,M,1475287
2000,40,4,F,1799358
2000,40,5,M,63428
2000,40,5,F,188673
2000,40,6,M,1722264
2000,40,6,F,1344281
2000,45,1,M,6748762
2000,45,1,F,6745340
2000,45,2,M,279357
2000,45,2,F,168424
2000,45,3,M,258603
2000,45,3,F,347926
2000,45,4,M,1449579
2000,45,4,F,1796836
2000,45,5,M,81554
2000,45,5,F,288414
2000,45,6,M,1107151
2000,45,6,F,914313
2000,50,1,M,6072639
2000,50,1,F,5807162
2000,50,2,M,209922
2000,50,2,F,145306
2000,50,3,M,193868
2000,50,3,F,258613
2000,50,4,M,1248353
2000,50,4,F,1663838
2000,50,5,M,105918
2000,50,5,F,423991
2000,50,6,M,677234
2000,50,6,F,612223
2000,55,1,M,4780059
2000,55,1,F,4443450
2000,55,2,M,152037
2000,55,2,F,115943
2000,55,3,M,130679
2000,55,3,F,168327
2000,55,4,M,874495
2000,55,4,F,1214932
2000,55,5,M,135308
2000,55,5,F,612688
2000,55,6,M,386504
2000,55,6,F,365928
2000,60,1,M,3877807
2000,60,1,F,3464161
2000,60,2,M,118983
2000,60,2,F,97611
2000,60,3,M,96006
2000,60,3,F,115866
2000,60,4,M,588254
2000,60,4,F,841055
2000,60,5,M,182397
2000,60,5,F,893596
2000,60,6,M,259952
2000,60,6,F,256672
2000,65,1,M,3378304
2000,65,1,F,2525088
2000,65,2,M,100229
2000,65,2,F,89997
2000,65,3,M,68731
2000,65,3,F,75037
2000,65,4,M,411219
2000,65,4,F,597137
2000,65,5,M,287588
2000,65,5,F,1303907
2000,65,6,M,207552
2000,65,6,F,213618
2000,70,1,M,2773396
2000,70,1,F,2560844
2000,70,2,M,102778
2000,70,2,F,108947
2000,70,3,M,50368
2000,70,3,F,53237
2000,70,4,M,280789
2000,70,4,F,434370
2000,70,5,M,406439
2000,70,5,F,1825742
2000,70,6,M,178375
2000,70,6,F,201715
2000,75,1,M,2018496
2000,75,1,F,1556587
2000,75,2,M,112161
2000,75,2,F,145581
2000,75,3,M,30166
2000,75,3,F,33590
2000,75,4,M,164487
2000,75,4,F,284517
2000,75,5,M,461756
2000,75,5,F,2157989
2000,75,6,M,125589
2000,75,6,F,177380
2000,80,1,M,1227298
2000,80,1,F,809699
2000,80,2,M,109195
2000,80,2,F,172002
2000,80,3,M,15357
2000,80,3,F,17205
2000,80,4,M,73640
2000,80,4,F,146589
2000,80,5,M,408331
2000,80,5,F,1935401
2000,80,6,M,68817
2000,80,6,F,141002
2000,85,1,M,545260
2000,85,1,F,297024
2000,85,2,M,81007
2000,85,2,F,166426
2000,85,3,M,5938
2000,85,3,F,9549
2000,85,4,M,27221
2000,85,4,F,68487
2000,85,5,M,275431
2000,85,5,F,1344908
2000,85,6,M,35500
2000,85,6,F,94762
2000,90,1,M,108633
2000,90,1,F,37759
2000,90,2,M,50347
2000,90,2,F,157964
2000,90,3,M,2876
2000,90,3,F,6384
2000,90,4,M,11205
2000,90,4,F,29292
2000,90,5,M,147615
2000,90,5,F,774069
2000,90,6,M,15627
2000,90,6,F,59113